Time;Time in ms;gx;gy;gz;ax;ay;az;magx;magy;magz;baro;head;angx;angy;debug1;debug2;debug3;debug4;GPS_distanceToHome;GPS_directionToHome;GPS_altitude;GPS_fix;GPS_numSat;GPS_speed;GPS_update;GPS_latitude;GPS_longitude;cycleTime;i2cError;rcThrottle;rcYaw;rcRoll;rcPitch;rcAUX1;rcAUX2;rcAUX3;rcAUX4;Motor1;Motor2;Motor3;Motor4;Motor5;Motor6;Motor7;Motor8;
2014_02_22_19_39_39;1393094379146;0.0;0.0;0.0;0.0;0.0;0.0;0.0;0.0;0.0;-0.31;0.0;0.0;0.0;0.0;0.0;0.0;0.0;0;0;0;0;0;0;0;0;0;0;0;1500.0;1500.0;1500.0;1500.0;1500.0;1500.0;1500.0;1500.0;0.0;0.0;0.0;0.0;0.0;0.0;0.0;0.0;
2014_02_22_19_39_39;1393094379185;0.0;0.0;0.0;0.0;0.0;0.0;0.0;0.0;0.0;-0.31;0.0;0.0;0.0;0.0;0.0;0.0;0.0;0;0;0;0;0;0;0;0;0;0;0;1500.0;1500.0;1500.0;1500.0;1500.0;1500.0;1500.0;1500.0;0.0;0.0;0.0;0.0;0.0;0.0;0.0;0.0;
2014_02_22_19_39_39;1393094379301;0.0;0.0;0.0;0.0;0.0;0.0;0.0;0.0;0.0;-0.2;0.0;0.0;0.0;0.0;0.0;0.0;0.0;0;0;0;0;0;0;0;0;0;0;0;1500.0;1500.0;1500.0;1500.0;1500.0;1500.0;1500.0;1500.0;0.0;0.0;0.0;0.0;0.0;0.0;0.0;0.0;
2014_02_22_19_39_39;1393094379350;0.0;0.0;0.0;0.0;0.0;0.0;0.0;0.0;0.0;-0.2;0.0;0.0;0.0;0.0;0.0;0.0;0.0;0;0;0;0;0;0;0;0;0;0;0;1500.0;1500.0;1500.0;1500.0;1500.0;1500.0;1500.0;1500.0;0.0;0.0;0.0;0.0;0.0;0.0;0.0;0.0;
2014_02_22_19_39_39;1393094379361;0.0;0.0;0.0;0.0;0.0;0.0;0.0;0.0;0.0;-0.2;0.0;0.0;0.0;0.0;0.0;0.0;0.0;0;0;0;0;0;0;0;0;0;0;0;1500.0;1500.0;1500.0;1500.0;1500.0;1500.0;1500.0;1500.0;0.0;0.0;0.0;0.0;0.0;0.0;0.0;0.0;
2014_02_22_19_39_39;1393094379494;0.0;0.0;0.0;0.0;0.0;0.0;0.0;0.0;0.0;-0.19;0.0;0.0;0.0;0.0;0.0;0.0;0.0;0;0;0;0;0;0;0;0;0;0;0;1500.0;1500.0;1500.0;1500.0;1500.0;1500.0;1500.0;1500.0;0.0;0.0;0.0;0.0;0.0;0.0;0.0;0.0;
2014_02_22_19_39_39;1393094379636;0.0;0.0;0.0;0.0;0.0;0.0;0.0;0.0;0.0;-0.19;0.0;0.0;0.0;0.0;0.0;0.0;0.0;0;0;0;0;0;0;0;0;0;0;0;1500.0;1500.0;1500.0;1500.0;1500.0;1500.0;1500.0;1500.0;0.0;0.0;0.0;0.0;0.0;0.0;0.0;0.0;
2014_02_22_19_39_39;1393094379652;0.0;0.0;0.0;0.0;0.0;0.0;0.0;0.0;0.0;-0.19;0.0;0.0;0.0;0.0;0.0;0.0;0.0;0;0;0;0;0;0;0;0;0;0;0;1500.0;1500.0;1500.0;1500.0;1500.0;1500.0;1500.0;1500.0;0.0;0.0;0.0;0.0;0.0;0.0;0.0;0.0;
2014_02_22_19_39_39;1393094379776;0.0;0.0;0.0;0.0;0.0;0.0;0.0;0.0;0.0;-0.19;0.0;0.0;0.0;0.0;0.0;0.0;0.0;0;0;0;0;0;0;0;0;0;0;0;1500.0;1500.0;1500.0;1500.0;1500.0;1500.0;1500.0;1500.0;0.0;0.0;0.0;0.0;0.0;0.0;0.0;0.0;
2014_02_22_19_39_39;1393094379786;0.0;0.0;0.0;0.0;0.0;0.0;0.0;0.0;0.0;-0.19;0.0;0.0;0.0;0.0;0.0;0.0;0.0;0;0;0;0;0;0;0;0;0;0;0;1500.0;1500.0;1500.0;1500.0;1500.0;1500.0;1500.0;1500.0;0.0;0.0;0.0;0.0;0.0;0.0;0.0;0.0;
2014_02_22_19_39_39;1393094379909;0.0;0.0;0.0;0.0;0.0;0.0;0.0;0.0;0.0;-0.19;0.0;0.0;0.0;0.0;0.0;0.0;0.0;0;0;0;0;0;0;0;0;0;0;0;1500.0;1500.0;1500.0;1500.0;1500.0;1500.0;1500.0;1500.0;0.0;0.0;0.0;0.0;0.0;0.0;0.0;0.0;
2014_02_22_19_39_39;1393094379939;0.0;0.0;0.0;0.0;0.0;0.0;0.0;0.0;0.0;-0.19;0.0;0.0;0.0;0.0;0.0;0.0;0.0;0;0;0;0;0;0;0;0;0;0;0;1500.0;1500.0;1500.0;1500.0;1500.0;1500.0;1500.0;1500.0;0.0;0.0;0.0;0.0;0.0;0.0;0.0;0.0;
2014_02_22_19_39_39;1393094379994;0.0;0.0;0.0;0.0;0.0;0.0;0.0;0.0;0.0;-0.19;0.0;0.0;0.0;0.0;0.0;0.0;0.0;0;0;0;0;0;0;0;0;0;0;0;1500.0;1500.0;1500.0;1500.0;1500.0;1500.0;1500.0;1500.0;0.0;0.0;0.0;0.0;0.0;0.0;0.0;0.0;
2014_02_22_19_39_40;1393094380022;0.0;0.0;0.0;0.0;0.0;0.0;0.0;0.0;0.0;-0.19;0.0;0.0;0.0;0.0;0.0;0.0;0.0;0;0;0;0;0;0;0;0;0;0;0;1500.0;1500.0;1500.0;1500.0;1500.0;1500.0;1500.0;1500.0;0.0;0.0;0.0;0.0;0.0;0.0;0.0;0.0;
2014_02_22_19_39_40;1393094380127;0.0;0.0;0.0;0.0;0.0;0.0;0.0;0.0;0.0;-0.19;0.0;0.0;0.0;0.0;0.0;0.0;0.0;0;0;0;0;0;0;0;0;0;0;0;1500.0;1500.0;1500.0;1500.0;1500.0;1500.0;1500.0;1500.0;0.0;0.0;0.0;0.0;0.0;0.0;0.0;0.0;
2014_02_22_19_39_40;1393094380258;0.0;0.0;0.0;0.0;0.0;0.0;0.0;0.0;0.0;-0.19;0.0;0.0;0.0;0.0;0.0;0.0;0.0;0;0;0;0;0;0;0;0;0;0;0;1500.0;1500.0;1500.0;1500.0;1500.0;1500.0;1500.0;1500.0;0.0;0.0;0.0;0.0;0.0;0.0;0.0;0.0;
2014_02_22_19_39_40;1393094380364;0.0;0.0;0.0;0.0;0.0;0.0;0.0;0.0;0.0;-0.19;0.0;0.0;0.0;0.0;0.0;0.0;0.0;0;0;0;0;0;0;0;0;0;0;0;1500.0;1500.0;1500.0;1500.0;1500.0;1500.0;1500.0;1500.0;0.0;0.0;0.0;0.0;0.0;0.0;0.0;0.0;
2014_02_22_19_39_40;1393094380421;0.0;0.0;0.0;0.0;0.0;0.0;0.0;0.0;0.0;-0.19;0.0;0.0;0.0;0.0;0.0;0.0;0.0;0;0;0;0;0;0;0;0;0;0;0;1500.0;1500.0;1500.0;1500.0;1500.0;1500.0;1500.0;1500.0;0.0;0.0;0.0;0.0;0.0;0.0;0.0;0.0;
2014_02_22_19_39_40;1393094380551;0.0;0.0;0.0;0.0;0.0;0.0;0.0;0.0;0.0;-0.19;0.0;0.0;0.0;0.0;0.0;0.0;0.0;0;0;0;0;0;0;0;0;0;0;0;1500.0;1500.0;1500.0;1500.0;1500.0;1500.0;1500.0;1500.0;0.0;0.0;0.0;0.0;0.0;0.0;0.0;0.0;
2014_02_22_19_39_40;1393094380610;0.0;0.0;0.0;0.0;0.0;0.0;0.0;0.0;0.0;-0.19;0.0;0.0;0.0;0.0;0.0;0.0;0.0;0;0;0;0;0;0;0;0;0;0;0;1500.0;1500.0;1500.0;1500.0;1500.0;1500.0;1500.0;1500.0;0.0;0.0;0.0;0.0;0.0;0.0;0.0;0.0;
2014_02_22_19_39_40;1393094380683;0.0;0.0;0.0;0.0;0.0;0.0;0.0;0.0;0.0;-0.19;0.0;0.0;0.0;0.0;0.0;0.0;0.0;0;0;0;0;0;0;0;0;0;0;0;1500.0;1500.0;1500.0;1500.0;1500.0;1500.0;1500.0;1500.0;0.0;0.0;0.0;0.0;0.0;0.0;0.0;0.0;
2014_02_22_19_39_40;1393094380686;0.0;0.0;0.0;0.0;0.0;0.0;0.0;0.0;0.0;-0.19;0.0;0.0;0.0;0.0;0.0;0.0;0.0;0;0;0;0;0;0;0;0;0;0;0;1500.0;1500.0;1500.0;1500.0;1500.0;1500.0;1500.0;1500.0;0.0;0.0;0.0;0.0;0.0;0.0;0.0;0.0;
2014_02_22_19_39_40;1393094380820;0.0;0.0;0.0;0.0;0.0;0.0;0.0;0.0;0.0;-0.19;0.0;0.0;0.0;0.0;0.0;0.0;0.0;0;0;0;0;0;0;0;0;0;0;0;1500.0;1500.0;1500.0;1500.0;1500.0;1500.0;1500.0;1500.0;0.0;0.0;0.0;0.0;0.0;0.0;0.0;0.0;
2014_02_22_19_39_40;1393094380876;0.0;0.0;0.0;0.0;0.0;0.0;0.0;0.0;0.0;-0.19;0.0;0.0;0.0;0.0;0.0;0.0;0.0;0;0;0;0;0;0;0;0;0;0;0;1500.0;1500.0;1500.0;1500.0;1500.0;1500.0;1500.0;1500.0;0.0;0.0;0.0;0.0;0.0;0.0;0.0;0.0;
2014_02_22_19_39_41;1393094381050;0.0;0.0;0.0;0.0;0.0;0.0;0.0;0.0;0.0;-0.19;0.0;0.0;0.0;0.0;0.0;0.0;0.0;0;0;0;0;0;0;0;0;0;0;0;1500.0;1500.0;1500.0;1500.0;1500.0;1500.0;1500.0;1500.0;0.0;0.0;0.0;0.0;0.0;0.0;0.0;0.0;
2014_02_22_19_39_41;1393094381054;0.0;0.0;0.0;0.0;0.0;0.0;0.0;0.0;0.0;-0.19;0.0;0.0;0.0;0.0;0.0;0.0;0.0;0;0;0;0;0;0;0;0;0;0;0;1500.0;1500.0;1500.0;1500.0;1500.0;1500.0;1500.0;1500.0;0.0;0.0;0.0;0.0;0.0;0.0;0.0;0.0;
2014_02_22_19_39_41;1393094381158;0.0;0.0;0.0;0.0;0.0;0.0;0.0;0.0;0.0;-0.21;0.0;0.0;0.0;0.0;0.0;0.0;0.0;0;0;0;0;0;0;0;0;0;0;0;1500.0;1500.0;1500.0;1500.0;1500.0;1500.0;1500.0;1500.0;0.0;0.0;0.0;0.0;0.0;0.0;0.0;0.0;
2014_02_22_19_39_41;1393094381420;0.0;0.0;0.0;0.0;0.0;0.0;0.0;0.0;0.0;-0.24;0.0;0.0;0.0;0.0;0.0;0.0;0.0;0;0;0;0;0;0;0;0;0;0;0;1500.0;1500.0;1500.0;1500.0;1500.0;1500.0;1500.0;1500.0;0.0;0.0;0.0;0.0;0.0;0.0;0.0;0.0;
2014_02_22_19_39_41;1393094381425;0.0;0.0;0.0;0.0;0.0;0.0;0.0;0.0;0.0;-0.24;0.0;0.0;0.0;0.0;0.0;0.0;0.0;0;0;0;0;0;0;0;0;0;0;0;1500.0;1500.0;1500.0;1500.0;1500.0;1500.0;1500.0;1500.0;0.0;0.0;0.0;0.0;0.0;0.0;0.0;0.0;
2014_02_22_19_39_41;1393094381585;0.0;0.0;0.0;0.0;0.0;0.0;0.0;0.0;0.0;-0.27;0.0;0.0;0.0;0.0;0.0;0.0;0.0;0;0;0;0;0;0;0;0;0;0;0;1500.0;1500.0;1500.0;1500.0;1500.0;1500.0;1500.0;1500.0;0.0;0.0;0.0;0.0;0.0;0.0;0.0;0.0;
2014_02_22_19_39_41;1393094381672;0.0;0.0;0.0;0.0;0.0;0.0;0.0;0.0;0.0;-0.29;0.0;0.0;0.0;0.0;0.0;0.0;0.0;0;0;0;0;0;0;0;0;0;0;0;1500.0;1500.0;1500.0;1500.0;1500.0;1500.0;1500.0;1500.0;0.0;0.0;0.0;0.0;0.0;0.0;0.0;0.0;
2014_02_22_19_39_41;1393094381676;0.0;0.0;0.0;0.0;0.0;0.0;0.0;0.0;0.0;-0.29;0.0;0.0;0.0;0.0;0.0;0.0;0.0;0;0;0;0;0;0;0;0;0;0;0;1500.0;1500.0;1500.0;1500.0;1500.0;1500.0;1500.0;1500.0;0.0;0.0;0.0;0.0;0.0;0.0;0.0;0.0;
2014_02_22_19_39_41;1393094381865;0.0;0.0;0.0;0.0;0.0;0.0;0.0;0.0;0.0;-0.21;0.0;0.0;0.0;0.0;0.0;54.0;0.0;0;0;0;0;0;0;0;0;0;0;0;1500.0;1500.0;1500.0;1500.0;1500.0;1500.0;1500.0;1500.0;0.0;0.0;0.0;0.0;0.0;0.0;0.0;0.0;
2014_02_22_19_39_41;1393094381910;0.0;0.0;0.0;0.0;0.0;0.0;0.0;0.0;0.0;-0.21;0.0;0.0;0.0;0.0;0.0;54.0;0.0;0;0;0;0;0;0;0;0;0;0;0;1500.0;1500.0;1500.0;1500.0;1500.0;1500.0;1500.0;1500.0;0.0;0.0;0.0;0.0;0.0;0.0;0.0;0.0;
2014_02_22_19_39_41;1393094381997;0.0;0.0;0.0;0.0;0.0;0.0;0.0;0.0;0.0;0.0;0.0;0.0;0.0;0.0;0.0;31.0;0.0;0;0;0;0;0;0;0;0;0;0;0;1500.0;1500.0;1500.0;1500.0;1500.0;1500.0;1500.0;1500.0;0.0;0.0;0.0;0.0;0.0;0.0;0.0;0.0;
2014_02_22_19_39_42;1393094382106;0.0;0.0;0.0;0.0;0.0;0.0;0.0;0.0;0.0;-0.04;0.0;0.0;0.0;0.0;0.0;11.0;0.0;0;0;0;0;0;0;0;0;0;0;0;1500.0;1500.0;1500.0;1500.0;1500.0;1500.0;1500.0;1500.0;0.0;0.0;0.0;0.0;0.0;0.0;0.0;0.0;
2014_02_22_19_39_42;1393094382513;0.0;0.0;0.0;0.0;0.0;0.0;0.0;0.0;0.0;-0.14;0.0;0.0;0.0;0.0;0.0;3.0;0.0;0;0;0;0;0;0;0;0;0;0;0;1500.0;1500.0;1500.0;1500.0;1500.0;1500.0;1500.0;1500.0;0.0;0.0;0.0;0.0;0.0;0.0;0.0;0.0;
2014_02_22_19_39_42;1393094382584;0.0;0.0;0.0;0.0;0.0;0.0;0.0;0.0;0.0;-0.15;0.0;0.0;0.0;0.0;0.0;26.0;0.0;0;0;0;0;0;0;0;0;0;0;0;1500.0;1500.0;1500.0;1500.0;1500.0;1500.0;1500.0;1500.0;0.0;0.0;0.0;0.0;0.0;0.0;0.0;0.0;
2014_02_22_19_39_42;1393094382590;0.0;0.0;0.0;0.0;0.0;0.0;0.0;0.0;0.0;-0.15;0.0;0.0;0.0;0.0;0.0;26.0;0.0;0;0;0;0;0;0;0;0;0;0;0;1500.0;1500.0;1500.0;1500.0;1500.0;1500.0;1500.0;1500.0;0.0;0.0;0.0;0.0;0.0;0.0;0.0;0.0;
2014_02_22_19_39_42;1393094382968;0.0;0.0;0.0;0.0;0.0;0.0;0.0;0.0;0.0;-0.21;0.0;0.0;0.0;0.0;0.0;0.0;0.0;0;0;0;0;0;0;0;0;0;0;0;1500.0;1500.0;1500.0;1500.0;1500.0;1500.0;1500.0;1500.0;0.0;0.0;0.0;0.0;0.0;0.0;0.0;0.0;
2014_02_22_19_39_42;1393094382989;0.0;0.0;0.0;0.0;0.0;0.0;0.0;0.0;0.0;-0.21;0.0;0.0;0.0;0.0;0.0;0.0;0.0;0;0;0;0;0;0;0;0;0;0;0;1500.0;1500.0;1500.0;1500.0;1500.0;1500.0;1500.0;1500.0;0.0;0.0;0.0;0.0;0.0;0.0;0.0;0.0;
2014_02_22_19_39_43;1393094383064;0.0;0.0;0.0;0.0;0.0;0.0;0.0;0.0;0.0;-0.28;0.0;0.0;0.0;0.0;0.0;0.0;0.0;0;0;0;0;0;0;0;0;0;0;0;1500.0;1500.0;1500.0;1500.0;1500.0;1500.0;1500.0;1500.0;0.0;0.0;0.0;0.0;0.0;0.0;0.0;0.0;
2014_02_22_19_39_43;1393094383241;0.0;0.0;0.0;0.0;0.0;0.0;0.0;0.0;0.0;-0.29;0.0;0.0;0.0;0.0;0.0;0.0;0.0;0;0;0;0;0;0;0;0;0;0;0;1500.0;1500.0;1500.0;1500.0;1500.0;1500.0;1500.0;1500.0;0.0;0.0;0.0;0.0;0.0;0.0;0.0;0.0;
2014_02_22_19_39_43;1393094383360;0.0;0.0;0.0;0.0;0.0;0.0;0.0;0.0;0.0;-0.29;0.0;0.0;0.0;0.0;0.0;0.0;0.0;0;0;0;0;0;0;0;0;0;0;0;1500.0;1500.0;1500.0;1500.0;1500.0;1500.0;1500.0;1500.0;0.0;0.0;0.0;0.0;0.0;0.0;0.0;0.0;
2014_02_22_19_39_43;1393094383519;0.0;0.0;0.0;0.0;0.0;0.0;0.0;0.0;0.0;-0.29;0.0;0.0;0.0;0.0;0.0;0.0;0.0;0;0;0;0;0;0;0;0;0;0;0;1500.0;1500.0;1500.0;1500.0;1500.0;1500.0;1500.0;1500.0;0.0;0.0;0.0;0.0;0.0;0.0;0.0;0.0;
2014_02_22_19_39_43;1393094383774;0.0;0.0;0.0;0.0;0.0;0.0;0.0;0.0;0.0;-0.29;0.0;0.0;0.0;0.0;0.0;0.0;0.0;0;0;0;0;0;0;0;0;0;0;0;1500.0;1500.0;1500.0;1500.0;1500.0;1500.0;1500.0;1500.0;0.0;0.0;0.0;0.0;0.0;0.0;0.0;0.0;
2014_02_22_19_39_43;1393094383836;0.0;0.0;0.0;0.0;0.0;0.0;0.0;0.0;0.0;-0.29;0.0;0.0;0.0;0.0;0.0;0.0;0.0;0;0;0;0;0;0;0;0;0;0;0;1500.0;1500.0;1500.0;1500.0;1500.0;1500.0;1500.0;1500.0;0.0;0.0;0.0;0.0;0.0;0.0;0.0;0.0;
2014_02_22_19_39_44;1393094384031;0.0;0.0;0.0;0.0;0.0;0.0;0.0;0.0;0.0;-0.29;0.0;0.0;0.0;0.0;0.0;0.0;0.0;0;0;0;0;0;0;0;0;0;0;0;1500.0;1500.0;1500.0;1500.0;1500.0;1500.0;1500.0;1500.0;0.0;0.0;0.0;0.0;0.0;0.0;0.0;0.0;
2014_02_22_19_39_44;1393094384100;0.0;0.0;0.0;0.0;0.0;0.0;0.0;0.0;0.0;-0.29;0.0;0.0;0.0;0.0;0.0;0.0;0.0;0;0;0;0;0;0;0;0;0;0;0;1500.0;1500.0;1500.0;1500.0;1500.0;1500.0;1500.0;1500.0;0.0;0.0;0.0;0.0;0.0;0.0;0.0;0.0;
2014_02_22_19_39_44;1393094384127;0.0;0.0;0.0;0.0;0.0;0.0;0.0;0.0;0.0;-0.29;0.0;0.0;0.0;0.0;0.0;0.0;0.0;0;0;0;0;0;0;0;0;0;0;0;1500.0;1500.0;1500.0;1500.0;1500.0;1500.0;1500.0;1500.0;0.0;0.0;0.0;0.0;0.0;0.0;0.0;0.0;
2014_02_22_19_39_44;1393094384211;0.0;0.0;0.0;0.0;0.0;0.0;0.0;0.0;0.0;-0.29;0.0;0.0;0.0;0.0;0.0;0.0;0.0;0;0;0;0;0;0;0;0;0;0;0;1500.0;1500.0;1500.0;1500.0;1500.0;1500.0;1500.0;1500.0;0.0;0.0;0.0;0.0;0.0;0.0;0.0;0.0;
2014_02_22_19_39_44;1393094384303;0.0;0.0;0.0;0.0;0.0;0.0;0.0;0.0;0.0;-0.29;0.0;0.0;0.0;0.0;0.0;0.0;0.0;0;0;0;0;0;0;0;0;0;0;0;1500.0;1500.0;1500.0;1500.0;1500.0;1500.0;1500.0;1500.0;0.0;0.0;0.0;0.0;0.0;0.0;0.0;0.0;
2014_02_22_19_39_44;1393094384347;0.0;0.0;0.0;0.0;0.0;0.0;0.0;0.0;0.0;-0.29;0.0;0.0;0.0;0.0;0.0;0.0;0.0;0;0;0;0;0;0;0;0;0;0;0;1500.0;1500.0;1500.0;1500.0;1500.0;1500.0;1500.0;1500.0;0.0;0.0;0.0;0.0;0.0;0.0;0.0;0.0;
2014_02_22_19_39_44;1393094384453;0.0;0.0;0.0;0.0;0.0;0.0;0.0;0.0;0.0;-0.29;0.0;0.0;0.0;0.0;0.0;0.0;0.0;0;0;0;0;0;0;0;0;0;0;0;1500.0;1500.0;1500.0;1500.0;1500.0;1500.0;1500.0;1500.0;0.0;0.0;0.0;0.0;0.0;0.0;0.0;0.0;
2014_02_22_19_39_44;1393094384562;0.0;0.0;0.0;0.0;0.0;0.0;0.0;0.0;0.0;-0.29;0.0;0.0;0.0;0.0;0.0;0.0;0.0;0;0;0;0;0;0;0;0;0;0;0;1500.0;1500.0;1500.0;1500.0;1500.0;1500.0;1500.0;1500.0;0.0;0.0;0.0;0.0;0.0;0.0;0.0;0.0;
2014_02_22_19_39_44;1393094384617;0.0;0.0;0.0;0.0;0.0;0.0;0.0;0.0;0.0;-0.29;0.0;0.0;0.0;0.0;0.0;0.0;0.0;0;0;0;0;0;0;0;0;0;0;0;1500.0;1500.0;1500.0;1500.0;1500.0;1500.0;1500.0;1500.0;0.0;0.0;0.0;0.0;0.0;0.0;0.0;0.0;
2014_02_22_19_39_44;1393094384715;0.0;0.0;0.0;0.0;0.0;0.0;0.0;0.0;0.0;-0.29;0.0;0.0;0.0;0.0;0.0;0.0;0.0;0;0;0;0;0;0;0;0;0;0;0;1500.0;1500.0;1500.0;1500.0;1500.0;1500.0;1500.0;1500.0;0.0;0.0;0.0;0.0;0.0;0.0;0.0;0.0;
2014_02_22_19_39_44;1393094384800;0.0;0.0;0.0;0.0;0.0;0.0;0.0;0.0;0.0;-0.29;0.0;0.0;0.0;0.0;0.0;0.0;0.0;0;0;0;0;0;0;0;0;0;0;0;1500.0;1500.0;1500.0;1500.0;1500.0;1500.0;1500.0;1500.0;0.0;0.0;0.0;0.0;0.0;0.0;0.0;0.0;
2014_02_22_19_39_44;1393094384885;0.0;0.0;0.0;0.0;0.0;0.0;0.0;0.0;0.0;-0.29;0.0;0.0;0.0;0.0;0.0;0.0;0.0;0;0;0;0;0;0;0;0;0;0;0;1500.0;1500.0;1500.0;1500.0;1500.0;1500.0;1500.0;1500.0;0.0;0.0;0.0;0.0;0.0;0.0;0.0;0.0;
2014_02_22_19_39_45;1393094385124;0.0;0.0;0.0;0.0;0.0;0.0;0.0;0.0;0.0;-0.29;0.0;0.0;0.0;0.0;0.0;0.0;0.0;0;0;0;0;0;0;0;0;0;0;0;1500.0;1500.0;1500.0;1500.0;1500.0;1500.0;1500.0;1500.0;0.0;0.0;0.0;0.0;0.0;0.0;0.0;0.0;
2014_02_22_19_39_45;1393094385155;0.0;0.0;0.0;0.0;0.0;0.0;0.0;0.0;0.0;-0.29;0.0;0.0;0.0;0.0;0.0;0.0;0.0;0;0;0;0;0;0;0;0;0;0;0;1500.0;1500.0;1500.0;1500.0;1500.0;1500.0;1500.0;1500.0;0.0;0.0;0.0;0.0;0.0;0.0;0.0;0.0;
2014_02_22_19_39_45;1393094385232;0.0;0.0;0.0;0.0;0.0;0.0;0.0;0.0;0.0;-0.29;0.0;0.0;0.0;0.0;0.0;0.0;0.0;0;0;0;0;0;0;0;0;0;0;0;1500.0;1500.0;1500.0;1500.0;1500.0;1500.0;1500.0;1500.0;0.0;0.0;0.0;0.0;0.0;0.0;0.0;0.0;
2014_02_22_19_39_45;1393094385457;0.0;0.0;0.0;0.0;0.0;0.0;0.0;0.0;0.0;-0.29;0.0;0.0;0.0;0.0;0.0;0.0;0.0;0;0;0;0;0;0;0;0;0;0;0;1500.0;1500.0;1500.0;1500.0;1500.0;1500.0;1500.0;1500.0;0.0;0.0;0.0;0.0;0.0;0.0;0.0;0.0;
2014_02_22_19_39_45;1393094385504;0.0;0.0;0.0;0.0;0.0;0.0;0.0;0.0;0.0;-0.29;0.0;0.0;0.0;0.0;0.0;0.0;0.0;0;0;0;0;0;0;0;0;0;0;0;1500.0;1500.0;1500.0;1500.0;1500.0;1500.0;1500.0;1500.0;0.0;0.0;0.0;0.0;0.0;0.0;0.0;0.0;
2014_02_22_19_39_45;1393094385528;0.0;0.0;0.0;0.0;0.0;0.0;0.0;0.0;0.0;-0.29;0.0;0.0;0.0;0.0;0.0;0.0;0.0;0;0;0;0;0;0;0;0;0;0;0;1500.0;1500.0;1500.0;1500.0;1500.0;1500.0;1500.0;1500.0;0.0;0.0;0.0;0.0;0.0;0.0;0.0;0.0;
2014_02_22_19_39_45;1393094385592;0.0;0.0;0.0;0.0;0.0;0.0;0.0;0.0;0.0;-0.29;0.0;0.0;0.0;0.0;0.0;0.0;0.0;0;0;0;0;0;0;0;0;0;0;0;1500.0;1500.0;1500.0;1500.0;1500.0;1500.0;1500.0;1500.0;0.0;0.0;0.0;0.0;0.0;0.0;0.0;0.0;
2014_02_22_19_39_45;1393094385661;0.0;0.0;0.0;0.0;0.0;0.0;0.0;0.0;0.0;-0.29;0.0;0.0;0.0;0.0;0.0;0.0;0.0;0;0;0;0;0;0;0;0;0;0;0;1500.0;1500.0;1500.0;1500.0;1500.0;1500.0;1500.0;1500.0;0.0;0.0;0.0;0.0;0.0;0.0;0.0;0.0;
2014_02_22_19_39_45;1393094385686;0.0;0.0;0.0;0.0;0.0;0.0;0.0;0.0;0.0;-0.29;0.0;0.0;0.0;0.0;0.0;0.0;0.0;0;0;0;0;0;0;0;0;0;0;0;1500.0;1500.0;1500.0;1500.0;1500.0;1500.0;1500.0;1500.0;0.0;0.0;0.0;0.0;0.0;0.0;0.0;0.0;
2014_02_22_19_39_45;1393094385721;0.0;0.0;0.0;0.0;0.0;0.0;0.0;0.0;0.0;-0.29;0.0;0.0;0.0;0.0;0.0;0.0;0.0;0;0;0;0;0;0;0;0;0;0;0;1500.0;1500.0;1500.0;1500.0;1500.0;1500.0;1500.0;1500.0;0.0;0.0;0.0;0.0;0.0;0.0;0.0;0.0;
2014_02_22_19_39_45;1393094385802;0.0;0.0;0.0;0.0;0.0;0.0;0.0;0.0;0.0;-0.29;0.0;0.0;0.0;0.0;0.0;0.0;0.0;0;0;0;0;0;0;0;0;0;0;0;1500.0;1500.0;1500.0;1500.0;1500.0;1500.0;1500.0;1500.0;0.0;0.0;0.0;0.0;0.0;0.0;0.0;0.0;
2014_02_22_19_39_45;1393094385875;0.0;0.0;0.0;0.0;0.0;0.0;0.0;0.0;0.0;-0.29;0.0;0.0;0.0;0.0;0.0;0.0;0.0;0;0;0;0;0;0;0;0;0;0;0;1500.0;1500.0;1500.0;1500.0;1500.0;1500.0;1500.0;1500.0;0.0;0.0;0.0;0.0;0.0;0.0;0.0;0.0;
2014_02_22_19_39_45;1393094385932;0.0;0.0;0.0;0.0;0.0;0.0;0.0;0.0;0.0;-0.29;0.0;0.0;0.0;0.0;0.0;0.0;0.0;0;0;0;0;0;0;0;0;0;0;0;1500.0;1500.0;1500.0;1500.0;1500.0;1500.0;1500.0;1500.0;0.0;0.0;0.0;0.0;0.0;0.0;0.0;0.0;
2014_02_22_19_39_46;1393094386156;0.0;0.0;0.0;0.0;0.0;0.0;0.0;0.0;0.0;-0.29;0.0;0.0;0.0;0.0;0.0;0.0;0.0;0;0;0;0;0;0;0;0;0;0;0;1500.0;1500.0;1500.0;1500.0;1500.0;1500.0;1500.0;1500.0;0.0;0.0;0.0;0.0;0.0;0.0;0.0;0.0;
2014_02_22_19_39_46;1393094386256;0.0;0.0;0.0;0.0;0.0;0.0;0.0;0.0;0.0;-0.29;0.0;0.0;0.0;0.0;0.0;0.0;0.0;0;0;0;0;0;0;0;0;0;0;0;1500.0;1500.0;1500.0;1500.0;1500.0;1500.0;1500.0;1500.0;0.0;0.0;0.0;0.0;0.0;0.0;0.0;0.0;
2014_02_22_19_39_46;1393094386388;0.0;0.0;0.0;0.0;0.0;0.0;0.0;0.0;0.0;-0.29;0.0;0.0;0.0;0.0;0.0;0.0;0.0;0;0;0;0;0;0;0;0;0;0;0;1500.0;1500.0;1500.0;1500.0;1500.0;1500.0;1500.0;1500.0;0.0;0.0;0.0;0.0;0.0;0.0;0.0;0.0;
2014_02_22_19_39_46;1393094386695;0.0;0.0;0.0;0.0;0.0;0.0;0.0;0.0;0.0;-0.29;0.0;0.0;0.0;0.0;0.0;0.0;0.0;0;0;0;0;0;0;0;0;0;0;0;1500.0;1500.0;1500.0;1500.0;1500.0;1500.0;1500.0;1500.0;0.0;0.0;0.0;0.0;0.0;0.0;0.0;0.0;
2014_02_22_19_39_46;1393094386776;0.0;0.0;0.0;0.0;0.0;0.0;0.0;0.0;0.0;-0.29;0.0;0.0;0.0;0.0;0.0;0.0;0.0;0;0;0;0;0;0;0;0;0;0;0;1500.0;1500.0;1500.0;1500.0;1500.0;1500.0;1500.0;1500.0;0.0;0.0;0.0;0.0;0.0;0.0;0.0;0.0;
2014_02_22_19_39_46;1393094386795;0.0;0.0;0.0;0.0;0.0;0.0;0.0;0.0;0.0;-0.29;0.0;0.0;0.0;0.0;0.0;0.0;0.0;0;0;0;0;0;0;0;0;0;0;0;1500.0;1500.0;1500.0;1500.0;1500.0;1500.0;1500.0;1500.0;0.0;0.0;0.0;0.0;0.0;0.0;0.0;0.0;
2014_02_22_19_39_47;1393094387055;0.0;0.0;0.0;0.0;0.0;0.0;0.0;0.0;0.0;-0.29;0.0;0.0;0.0;0.0;0.0;0.0;0.0;0;0;0;0;0;0;0;0;0;0;0;1500.0;1500.0;1500.0;1500.0;1500.0;1500.0;1500.0;1500.0;0.0;0.0;0.0;0.0;0.0;0.0;0.0;0.0;
2014_02_22_19_39_47;1393094387157;0.0;0.0;0.0;0.0;0.0;0.0;0.0;0.0;0.0;-0.29;0.0;0.0;0.0;0.0;0.0;0.0;0.0;0;0;0;0;0;0;0;0;0;0;0;1500.0;1500.0;1500.0;1500.0;1500.0;1500.0;1500.0;1500.0;0.0;0.0;0.0;0.0;0.0;0.0;0.0;0.0;
2014_02_22_19_39_47;1393094387347;0.0;0.0;0.0;0.0;0.0;0.0;0.0;0.0;0.0;-0.29;0.0;0.0;0.0;0.0;0.0;0.0;0.0;0;0;0;0;0;0;0;0;0;0;0;1500.0;1500.0;1500.0;1500.0;1500.0;1500.0;1500.0;1500.0;0.0;0.0;0.0;0.0;0.0;0.0;0.0;0.0;
2014_02_22_19_39_47;1393094387489;0.0;0.0;0.0;0.0;0.0;0.0;0.0;0.0;0.0;-0.29;0.0;0.0;0.0;0.0;0.0;0.0;0.0;0;0;0;0;0;0;0;0;0;0;0;1500.0;1500.0;1500.0;1500.0;1500.0;1500.0;1500.0;1500.0;0.0;0.0;0.0;0.0;0.0;0.0;0.0;0.0;
2014_02_22_19_39_47;1393094387611;0.0;0.0;0.0;0.0;0.0;0.0;0.0;0.0;0.0;-0.29;0.0;0.0;0.0;0.0;0.0;0.0;0.0;0;0;0;0;0;0;0;0;0;0;0;1500.0;1500.0;1500.0;1500.0;1500.0;1500.0;1500.0;1500.0;0.0;0.0;0.0;0.0;0.0;0.0;0.0;0.0;
2014_02_22_19_39_47;1393094388023;0.0;0.0;0.0;0.0;0.0;0.0;0.0;0.0;0.0;-0.29;0.0;0.0;0.0;0.0;0.0;0.0;0.0;0;0;0;0;0;0;0;0;0;0;0;1500.0;1500.0;1500.0;1500.0;1500.0;1500.0;1500.0;1500.0;0.0;0.0;0.0;0.0;0.0;0.0;0.0;0.0;
2014_02_22_19_39_48;1393094388376;0.0;0.0;0.0;0.0;0.0;0.0;0.0;0.0;0.0;-0.29;0.0;0.0;0.0;0.0;0.0;0.0;0.0;0;0;0;0;0;0;0;0;0;0;0;1500.0;1500.0;1500.0;1500.0;1500.0;1500.0;1500.0;1500.0;0.0;0.0;0.0;0.0;0.0;0.0;0.0;0.0;
2014_02_22_19_39_48;1393094388442;0.0;0.0;0.0;0.0;0.0;0.0;0.0;0.0;0.0;-0.29;0.0;0.0;0.0;0.0;0.0;0.0;0.0;0;0;0;0;0;0;0;0;0;0;0;1500.0;1500.0;1500.0;1500.0;1500.0;1500.0;1500.0;1500.0;0.0;0.0;0.0;0.0;0.0;0.0;0.0;0.0;
2014_02_22_19_39_48;1393094388466;0.0;0.0;0.0;0.0;0.0;0.0;0.0;0.0;0.0;-0.29;0.0;0.0;0.0;0.0;0.0;0.0;0.0;0;0;0;0;0;0;0;0;0;0;0;1500.0;1500.0;1500.0;1500.0;1500.0;1500.0;1500.0;1500.0;0.0;0.0;0.0;0.0;0.0;0.0;0.0;0.0;
2014_02_22_19_39_48;1393094388570;0.0;0.0;0.0;0.0;0.0;0.0;0.0;0.0;0.0;-0.27;0.0;0.0;0.0;0.0;0.0;0.0;0.0;0;0;0;0;0;0;0;0;0;0;0;1500.0;1500.0;1500.0;1500.0;1500.0;1500.0;1500.0;1500.0;0.0;0.0;0.0;0.0;0.0;0.0;0.0;0.0;
2014_02_22_19_39_48;1393094388692;0.0;0.0;0.0;0.0;0.0;0.0;0.0;0.0;0.0;-0.27;0.0;0.0;0.0;0.0;0.0;0.0;0.0;0;0;0;0;0;0;0;0;0;0;0;1500.0;1500.0;1500.0;1500.0;1500.0;1500.0;1500.0;1500.0;0.0;0.0;0.0;0.0;0.0;0.0;0.0;0.0;
2014_02_22_19_39_48;1393094388757;0.0;0.0;0.0;0.0;0.0;0.0;0.0;0.0;0.0;-0.27;0.0;0.0;0.0;0.0;0.0;0.0;0.0;0;0;0;0;0;0;0;0;0;0;0;1500.0;1500.0;1500.0;1500.0;1500.0;1500.0;1500.0;1500.0;0.0;0.0;0.0;0.0;0.0;0.0;0.0;0.0;
2014_02_22_19_39_48;1393094388973;0.0;0.0;0.0;0.0;0.0;0.0;0.0;0.0;0.0;-0.27;0.0;0.0;0.0;0.0;0.0;0.0;0.0;0;0;0;0;0;0;0;0;0;0;0;1500.0;1500.0;1500.0;1500.0;1500.0;1500.0;1500.0;1500.0;0.0;0.0;0.0;0.0;0.0;0.0;0.0;0.0;
2014_02_22_19_39_49;1393094389032;0.0;0.0;0.0;0.0;0.0;0.0;0.0;0.0;0.0;-0.27;0.0;0.0;0.0;0.0;0.0;0.0;0.0;0;0;0;0;0;0;0;0;0;0;0;1500.0;1500.0;1500.0;1500.0;1500.0;1500.0;1500.0;1500.0;0.0;0.0;0.0;0.0;0.0;0.0;0.0;0.0;
2014_02_22_19_39_49;1393094389280;0.0;0.0;0.0;0.0;0.0;0.0;0.0;0.0;0.0;-0.27;0.0;0.0;0.0;0.0;0.0;0.0;0.0;0;0;0;0;0;0;0;0;0;0;0;1500.0;1500.0;1500.0;1500.0;1500.0;1500.0;1500.0;1500.0;0.0;0.0;0.0;0.0;0.0;0.0;0.0;0.0;
2014_02_22_19_39_49;1393094389535;0.0;0.0;0.0;0.0;0.0;0.0;0.0;0.0;0.0;-0.27;0.0;0.0;0.0;0.0;0.0;0.0;0.0;0;0;0;0;0;0;0;0;0;0;0;1500.0;1500.0;1500.0;1500.0;1500.0;1500.0;1500.0;1500.0;0.0;0.0;0.0;0.0;0.0;0.0;0.0;0.0;
2014_02_22_19_39_49;1393094389542;0.0;0.0;0.0;0.0;0.0;0.0;0.0;0.0;0.0;-0.27;0.0;0.0;0.0;0.0;0.0;0.0;0.0;0;0;0;0;0;0;0;0;0;0;0;1500.0;1500.0;1500.0;1500.0;1500.0;1500.0;1500.0;1500.0;0.0;0.0;0.0;0.0;0.0;0.0;0.0;0.0;
2014_02_22_19_39_49;1393094389769;0.0;0.0;0.0;0.0;0.0;0.0;0.0;0.0;0.0;-0.27;0.0;0.0;0.0;0.0;0.0;0.0;0.0;0;0;0;0;0;0;0;0;0;0;0;1500.0;1500.0;1500.0;1500.0;1500.0;1500.0;1500.0;1500.0;0.0;0.0;0.0;0.0;0.0;0.0;0.0;0.0;
2014_02_22_19_39_49;1393094389773;0.0;0.0;0.0;0.0;0.0;0.0;0.0;0.0;0.0;-0.27;0.0;0.0;0.0;0.0;0.0;0.0;0.0;0;0;0;0;0;0;0;0;0;0;0;1500.0;1500.0;1500.0;1500.0;1500.0;1500.0;1500.0;1500.0;0.0;0.0;0.0;0.0;0.0;0.0;0.0;0.0;
2014_02_22_19_39_49;1393094389908;0.0;0.0;0.0;0.0;0.0;0.0;0.0;0.0;0.0;-0.27;0.0;0.0;0.0;0.0;0.0;0.0;0.0;0;0;0;0;0;0;0;0;0;0;0;1500.0;1500.0;1500.0;1500.0;1500.0;1500.0;1500.0;1500.0;0.0;0.0;0.0;0.0;0.0;0.0;0.0;0.0;
2014_02_22_19_39_49;1393094389912;0.0;0.0;0.0;0.0;0.0;0.0;0.0;0.0;0.0;-0.27;0.0;0.0;0.0;0.0;0.0;0.0;0.0;0;0;0;0;0;0;0;0;0;0;0;1500.0;1500.0;1500.0;1500.0;1500.0;1500.0;1500.0;1500.0;0.0;0.0;0.0;0.0;0.0;0.0;0.0;0.0;
2014_02_22_19_39_49;1393094390000;0.0;0.0;0.0;0.0;0.0;0.0;0.0;0.0;0.0;-0.27;0.0;0.0;0.0;0.0;0.0;0.0;0.0;0;0;0;0;0;0;0;0;0;0;0;1500.0;1500.0;1500.0;1500.0;1500.0;1500.0;1500.0;1500.0;0.0;0.0;0.0;0.0;0.0;0.0;0.0;0.0;
2014_02_22_19_39_50;1393094390105;0.0;0.0;0.0;0.0;0.0;0.0;0.0;0.0;0.0;-0.27;0.0;0.0;0.0;0.0;0.0;0.0;0.0;0;0;0;0;0;0;0;0;0;0;0;1500.0;1500.0;1500.0;1500.0;1500.0;1500.0;1500.0;1500.0;0.0;0.0;0.0;0.0;0.0;0.0;0.0;0.0;
2014_02_22_19_39_50;1393094390281;0.0;0.0;0.0;0.0;0.0;0.0;0.0;0.0;0.0;-0.27;0.0;0.0;0.0;0.0;0.0;0.0;0.0;0;0;0;0;0;0;0;0;0;0;0;1500.0;1500.0;1500.0;1500.0;1500.0;1500.0;1500.0;1500.0;0.0;0.0;0.0;0.0;0.0;0.0;0.0;0.0;
2014_02_22_19_39_50;1393094390411;0.0;0.0;0.0;0.0;0.0;0.0;0.0;0.0;0.0;-0.27;0.0;0.0;0.0;0.0;0.0;0.0;0.0;0;0;0;0;0;0;0;0;0;0;0;1500.0;1500.0;1500.0;1500.0;1500.0;1500.0;1500.0;1500.0;0.0;0.0;0.0;0.0;0.0;0.0;0.0;0.0;
2014_02_22_19_39_50;1393094390632;0.0;0.0;0.0;0.0;0.0;0.0;0.0;0.0;0.0;-0.27;0.0;0.0;0.0;0.0;0.0;0.0;0.0;0;0;0;0;0;0;0;0;0;0;0;1500.0;1500.0;1500.0;1500.0;1500.0;1500.0;1500.0;1500.0;0.0;0.0;0.0;0.0;0.0;0.0;0.0;0.0;
2014_02_22_19_39_50;1393094390683;0.0;0.0;0.0;0.0;0.0;0.0;0.0;0.0;0.0;-0.27;0.0;0.0;0.0;0.0;0.0;0.0;0.0;0;0;0;0;0;0;0;0;0;0;0;1500.0;1500.0;1500.0;1500.0;1500.0;1500.0;1500.0;1500.0;0.0;0.0;0.0;0.0;0.0;0.0;0.0;0.0;
2014_02_22_19_39_50;1393094390686;0.0;0.0;0.0;0.0;0.0;0.0;0.0;0.0;0.0;-0.27;0.0;0.0;0.0;0.0;0.0;0.0;0.0;0;0;0;0;0;0;0;0;0;0;0;1500.0;1500.0;1500.0;1500.0;1500.0;1500.0;1500.0;1500.0;0.0;0.0;0.0;0.0;0.0;0.0;0.0;0.0;
2014_02_22_19_39_50;1393094390776;0.0;0.0;0.0;0.0;0.0;0.0;0.0;0.0;0.0;-0.27;0.0;0.0;0.0;0.0;0.0;0.0;0.0;0;0;0;0;0;0;0;0;0;0;0;1500.0;1500.0;1500.0;1500.0;1500.0;1500.0;1500.0;1500.0;0.0;0.0;0.0;0.0;0.0;0.0;0.0;0.0;
2014_02_22_19_39_50;1393094390849;0.0;0.0;0.0;0.0;0.0;0.0;0.0;0.0;0.0;-0.27;0.0;0.0;0.0;0.0;0.0;0.0;0.0;0;0;0;0;0;0;0;0;0;0;0;1500.0;1500.0;1500.0;1500.0;1500.0;1500.0;1500.0;1500.0;0.0;0.0;0.0;0.0;0.0;0.0;0.0;0.0;
2014_02_22_19_39_51;1393094391457;0.0;0.0;0.0;0.0;0.0;0.0;0.0;0.0;0.0;-0.22;0.0;0.0;0.0;0.0;0.0;0.0;0.0;0;0;0;0;0;0;0;0;0;0;0;1500.0;1500.0;1500.0;1500.0;1500.0;1500.0;1500.0;1500.0;0.0;0.0;0.0;0.0;0.0;0.0;0.0;0.0;
2014_02_22_19_39_51;1393094391517;0.0;0.0;0.0;0.0;0.0;0.0;0.0;0.0;0.0;-0.21;0.0;0.0;0.0;0.0;0.0;0.0;0.0;0;0;0;0;0;0;0;0;0;0;0;1500.0;1500.0;1500.0;1500.0;1500.0;1500.0;1500.0;1500.0;0.0;0.0;0.0;0.0;0.0;0.0;0.0;0.0;
2014_02_22_19_39_51;1393094391618;0.0;0.0;0.0;0.0;0.0;0.0;0.0;0.0;0.0;-0.21;0.0;0.0;0.0;0.0;0.0;0.0;0.0;0;0;0;0;0;0;0;0;0;0;0;1500.0;1500.0;1500.0;1500.0;1500.0;1500.0;1500.0;1500.0;0.0;0.0;0.0;0.0;0.0;0.0;0.0;0.0;
2014_02_22_19_39_51;1393094391949;0.0;0.0;0.0;0.0;0.0;0.0;0.0;0.0;0.0;-0.21;0.0;0.0;0.0;0.0;0.0;0.0;0.0;0;0;0;0;0;0;0;0;0;0;0;1500.0;1500.0;1500.0;1500.0;1500.0;1500.0;1500.0;1500.0;0.0;0.0;0.0;0.0;0.0;0.0;0.0;0.0;
2014_02_22_19_39_52;1393094392002;0.0;0.0;0.0;0.0;0.0;0.0;0.0;0.0;0.0;-0.21;0.0;0.0;0.0;0.0;0.0;0.0;0.0;0;0;0;0;0;0;0;0;0;0;0;1500.0;1500.0;1500.0;1500.0;1500.0;1500.0;1500.0;1500.0;0.0;0.0;0.0;0.0;0.0;0.0;0.0;0.0;
2014_02_22_19_39_52;1393094392183;0.0;0.0;0.0;0.0;0.0;0.0;0.0;0.0;0.0;-0.21;0.0;0.0;0.0;0.0;0.0;0.0;0.0;0;0;0;0;0;0;0;0;0;0;0;1500.0;1500.0;1500.0;1500.0;1500.0;1500.0;1500.0;1500.0;0.0;0.0;0.0;0.0;0.0;0.0;0.0;0.0;
2014_02_22_19_39_52;1393094392250;0.0;0.0;0.0;0.0;0.0;0.0;0.0;0.0;0.0;-0.21;0.0;0.0;0.0;0.0;0.0;0.0;0.0;0;0;0;0;0;0;0;0;0;0;0;1500.0;1500.0;1500.0;1500.0;1500.0;1500.0;1500.0;1500.0;0.0;0.0;0.0;0.0;0.0;0.0;0.0;0.0;
2014_02_22_19_39_52;1393094392412;0.0;0.0;0.0;0.0;0.0;0.0;0.0;0.0;0.0;-0.21;0.0;0.0;0.0;0.0;0.0;0.0;0.0;0;0;0;0;0;0;0;0;0;0;0;1500.0;1500.0;1500.0;1500.0;1500.0;1500.0;1500.0;1500.0;0.0;0.0;0.0;0.0;0.0;0.0;0.0;0.0;
2014_02_22_19_39_52;1393094392491;0.0;0.0;0.0;0.0;0.0;0.0;0.0;0.0;0.0;-0.21;0.0;0.0;0.0;0.0;0.0;0.0;0.0;0;0;0;0;0;0;0;0;0;0;0;1500.0;1500.0;1500.0;1500.0;1500.0;1500.0;1500.0;1500.0;0.0;0.0;0.0;0.0;0.0;0.0;0.0;0.0;
2014_02_22_19_39_52;1393094392561;0.0;0.0;0.0;0.0;0.0;0.0;0.0;0.0;0.0;-0.21;0.0;0.0;0.0;0.0;0.0;0.0;0.0;0;0;0;0;0;0;0;0;0;0;0;1500.0;1500.0;1500.0;1500.0;1500.0;1500.0;1500.0;1500.0;0.0;0.0;0.0;0.0;0.0;0.0;0.0;0.0;
2014_02_22_19_39_52;1393094392654;0.0;0.0;0.0;0.0;0.0;0.0;0.0;0.0;0.0;-0.21;0.0;0.0;0.0;0.0;0.0;0.0;0.0;0;0;0;0;0;0;0;0;0;0;0;1500.0;1500.0;1500.0;1500.0;1500.0;1500.0;1500.0;1500.0;0.0;0.0;0.0;0.0;0.0;0.0;0.0;0.0;
2014_02_22_19_39_52;1393094392835;0.0;0.0;0.0;0.0;0.0;0.0;0.0;0.0;0.0;-0.21;0.0;0.0;0.0;0.0;0.0;0.0;0.0;0;0;0;0;0;0;0;0;0;0;0;1500.0;1500.0;1500.0;1500.0;1500.0;1500.0;1500.0;1500.0;0.0;0.0;0.0;0.0;0.0;0.0;0.0;0.0;
2014_02_22_19_39_53;1393094393035;0.0;0.0;0.0;0.0;0.0;0.0;0.0;0.0;0.0;-0.21;0.0;0.0;0.0;0.0;0.0;0.0;0.0;0;0;0;0;0;0;0;0;0;0;0;1500.0;1500.0;1500.0;1500.0;1500.0;1500.0;1500.0;1500.0;0.0;0.0;0.0;0.0;0.0;0.0;0.0;0.0;
2014_02_22_19_39_53;1393094393122;0.0;0.0;0.0;0.0;0.0;0.0;0.0;0.0;0.0;-0.21;0.0;0.0;0.0;0.0;0.0;0.0;0.0;0;0;0;0;0;0;0;0;0;0;0;1500.0;1500.0;1500.0;1500.0;1500.0;1500.0;1500.0;1500.0;0.0;0.0;0.0;0.0;0.0;0.0;0.0;0.0;
2014_02_22_19_39_53;1393094393305;0.0;0.0;0.0;0.0;0.0;0.0;0.0;0.0;0.0;-0.21;0.0;0.0;0.0;0.0;0.0;0.0;0.0;0;0;0;0;0;0;0;0;0;0;0;1500.0;1500.0;1500.0;1500.0;1500.0;1500.0;1500.0;1500.0;0.0;0.0;0.0;0.0;0.0;0.0;0.0;0.0;
2014_02_22_19_39_53;1393094393324;0.0;0.0;0.0;0.0;0.0;0.0;0.0;0.0;0.0;-0.21;0.0;0.0;0.0;0.0;0.0;0.0;0.0;0;0;0;0;0;0;0;0;0;0;0;1500.0;1500.0;1500.0;1500.0;1500.0;1500.0;1500.0;1500.0;0.0;0.0;0.0;0.0;0.0;0.0;0.0;0.0;
2014_02_22_19_39_53;1393094393416;0.0;0.0;0.0;0.0;0.0;0.0;0.0;0.0;0.0;-0.21;0.0;0.0;0.0;0.0;0.0;0.0;0.0;0;0;0;0;0;0;0;0;0;0;0;1500.0;1500.0;1500.0;1500.0;1500.0;1500.0;1500.0;1500.0;0.0;0.0;0.0;0.0;0.0;0.0;0.0;0.0;
2014_02_22_19_39_53;1393094393606;0.0;0.0;0.0;0.0;0.0;0.0;0.0;0.0;0.0;-0.21;0.0;0.0;0.0;0.0;0.0;0.0;0.0;0;0;0;0;0;0;0;0;0;0;0;1500.0;1500.0;1500.0;1500.0;1500.0;1500.0;1500.0;1500.0;0.0;0.0;0.0;0.0;0.0;0.0;0.0;0.0;
2014_02_22_19_39_53;1393094393670;0.0;0.0;0.0;0.0;0.0;0.0;0.0;0.0;0.0;-0.25;0.0;0.0;0.0;0.0;0.0;0.0;0.0;0;0;0;0;0;0;0;0;0;0;0;1500.0;1500.0;1500.0;1500.0;1500.0;1500.0;1500.0;1500.0;0.0;0.0;0.0;0.0;0.0;0.0;0.0;0.0;
2014_02_22_19_39_53;1393094393764;0.0;0.0;0.0;0.0;0.0;0.0;0.0;0.0;0.0;-0.25;0.0;0.0;0.0;0.0;0.0;0.0;0.0;0;0;0;0;0;0;0;0;0;0;0;1500.0;1500.0;1500.0;1500.0;1500.0;1500.0;1500.0;1500.0;0.0;0.0;0.0;0.0;0.0;0.0;0.0;0.0;
2014_02_22_19_39_53;1393094393834;0.0;0.0;0.0;0.0;0.0;0.0;0.0;0.0;0.0;-0.25;0.0;0.0;0.0;0.0;0.0;0.0;0.0;0;0;0;0;0;0;0;0;0;0;0;1500.0;1500.0;1500.0;1500.0;1500.0;1500.0;1500.0;1500.0;0.0;0.0;0.0;0.0;0.0;0.0;0.0;0.0;
2014_02_22_19_39_53;1393094393913;0.0;0.0;0.0;0.0;0.0;0.0;0.0;0.0;0.0;-0.25;0.0;0.0;0.0;0.0;0.0;0.0;0.0;0;0;0;0;0;0;0;0;0;0;0;1500.0;1500.0;1500.0;1500.0;1500.0;1500.0;1500.0;1500.0;0.0;0.0;0.0;0.0;0.0;0.0;0.0;0.0;
2014_02_22_19_39_54;1393094394241;0.0;0.0;0.0;0.0;0.0;0.0;0.0;0.0;0.0;-0.25;0.0;0.0;0.0;0.0;0.0;0.0;0.0;0;0;0;0;0;0;0;0;0;0;0;1500.0;1500.0;1500.0;1500.0;1500.0;1500.0;1500.0;1500.0;0.0;0.0;0.0;0.0;0.0;0.0;0.0;0.0;
2014_02_22_19_39_54;1393094394295;0.0;0.0;0.0;0.0;0.0;0.0;0.0;0.0;0.0;-0.25;0.0;0.0;0.0;0.0;0.0;0.0;0.0;0;0;0;0;0;0;0;0;0;0;0;1500.0;1500.0;1500.0;1500.0;1500.0;1500.0;1500.0;1500.0;0.0;0.0;0.0;0.0;0.0;0.0;0.0;0.0;
2014_02_22_19_39_54;1393094394481;0.0;0.0;0.0;0.0;0.0;0.0;0.0;0.0;0.0;-0.26;0.0;0.0;0.0;0.0;0.0;0.0;0.0;0;0;0;0;0;0;0;0;0;0;0;1500.0;1500.0;1500.0;1500.0;1500.0;1500.0;1500.0;1500.0;0.0;0.0;0.0;0.0;0.0;0.0;0.0;0.0;
2014_02_22_19_39_54;1393094394530;0.0;0.0;0.0;0.0;0.0;0.0;0.0;0.0;0.0;-0.26;0.0;0.0;0.0;0.0;0.0;0.0;0.0;0;0;0;0;0;0;0;0;0;0;0;1500.0;1500.0;1500.0;1500.0;1500.0;1500.0;1500.0;1500.0;0.0;0.0;0.0;0.0;0.0;0.0;0.0;0.0;
2014_02_22_19_39_54;1393094394556;0.0;0.0;0.0;0.0;0.0;0.0;0.0;0.0;0.0;-0.26;0.0;0.0;0.0;0.0;0.0;0.0;0.0;0;0;0;0;0;0;0;0;0;0;0;1500.0;1500.0;1500.0;1500.0;1500.0;1500.0;1500.0;1500.0;0.0;0.0;0.0;0.0;0.0;0.0;0.0;0.0;
2014_02_22_19_39_54;1393094394589;0.0;0.0;0.0;0.0;0.0;0.0;0.0;0.0;0.0;-0.27;0.0;0.0;0.0;0.0;0.0;0.0;0.0;0;0;0;0;0;0;0;0;0;0;0;1500.0;1500.0;1500.0;1500.0;1500.0;1500.0;1500.0;1500.0;0.0;0.0;0.0;0.0;0.0;0.0;0.0;0.0;
2014_02_22_19_39_54;1393094394633;0.0;0.0;0.0;0.0;0.0;0.0;0.0;0.0;0.0;-0.27;0.0;0.0;0.0;0.0;0.0;0.0;0.0;0;0;0;0;0;0;0;0;0;0;0;1500.0;1500.0;1500.0;1500.0;1500.0;1500.0;1500.0;1500.0;0.0;0.0;0.0;0.0;0.0;0.0;0.0;0.0;
2014_02_22_19_39_54;1393094394656;0.0;0.0;0.0;0.0;0.0;0.0;0.0;0.0;0.0;-0.27;0.0;0.0;0.0;0.0;0.0;0.0;0.0;0;0;0;0;0;0;0;0;0;0;0;1500.0;1500.0;1500.0;1500.0;1500.0;1500.0;1500.0;1500.0;0.0;0.0;0.0;0.0;0.0;0.0;0.0;0.0;
2014_02_22_19_39_54;1393094394689;0.0;0.0;0.0;0.0;0.0;0.0;0.0;0.0;0.0;-0.28;0.0;0.0;0.0;0.0;0.0;0.0;0.0;0;0;0;0;0;0;0;0;0;0;0;1500.0;1500.0;1500.0;1500.0;1500.0;1500.0;1500.0;1500.0;0.0;0.0;0.0;0.0;0.0;0.0;0.0;0.0;
2014_02_22_19_39_54;1393094394714;0.0;0.0;0.0;0.0;0.0;0.0;0.0;0.0;0.0;-0.28;0.0;0.0;0.0;0.0;0.0;0.0;0.0;0;0;0;0;0;0;0;0;0;0;0;1500.0;1500.0;1500.0;1500.0;1500.0;1500.0;1500.0;1500.0;0.0;0.0;0.0;0.0;0.0;0.0;0.0;0.0;
2014_02_22_19_39_54;1393094394788;0.0;0.0;0.0;0.0;0.0;0.0;0.0;0.0;0.0;-0.28;0.0;0.0;0.0;0.0;0.0;0.0;0.0;0;0;0;0;0;0;0;0;0;0;0;1500.0;1500.0;1500.0;1500.0;1500.0;1500.0;1500.0;1500.0;0.0;0.0;0.0;0.0;0.0;0.0;0.0;0.0;
2014_02_22_19_39_54;1393094394874;0.0;0.0;0.0;0.0;0.0;0.0;0.0;0.0;0.0;-0.29;0.0;0.0;0.0;0.0;0.0;0.0;0.0;0;0;0;0;0;0;0;0;0;0;0;1500.0;1500.0;1500.0;1500.0;1500.0;1500.0;1500.0;1500.0;0.0;0.0;0.0;0.0;0.0;0.0;0.0;0.0;
2014_02_22_19_39_55;1393094395026;0.0;0.0;0.0;0.0;0.0;0.0;0.0;0.0;0.0;-0.33;0.0;0.0;0.0;0.0;0.0;0.0;0.0;0;0;0;0;0;0;0;0;0;0;0;1500.0;1500.0;1500.0;1500.0;1500.0;1500.0;1500.0;1500.0;0.0;0.0;0.0;0.0;0.0;0.0;0.0;0.0;
2014_02_22_19_39_55;1393094395093;0.0;0.0;0.0;0.0;0.0;0.0;0.0;0.0;0.0;-0.34;0.0;0.0;0.0;0.0;0.0;0.0;0.0;0;0;0;0;0;0;0;0;0;0;0;1500.0;1500.0;1500.0;1500.0;1500.0;1500.0;1500.0;1500.0;0.0;0.0;0.0;0.0;0.0;0.0;0.0;0.0;
2014_02_22_19_39_55;1393094395268;0.0;0.0;0.0;0.0;0.0;0.0;0.0;0.0;0.0;-0.39;0.0;0.0;0.0;0.0;0.0;0.0;0.0;0;0;0;0;0;0;0;0;0;0;0;1500.0;1500.0;1500.0;1500.0;1500.0;1500.0;1500.0;1500.0;0.0;0.0;0.0;0.0;0.0;0.0;0.0;0.0;
2014_02_22_19_39_55;1393094395317;0.0;0.0;0.0;0.0;0.0;0.0;0.0;0.0;0.0;-0.42;0.0;0.0;0.0;0.0;0.0;0.0;0.0;0;0;0;0;0;0;0;0;0;0;0;1500.0;1500.0;1500.0;1500.0;1500.0;1500.0;1500.0;1500.0;0.0;0.0;0.0;0.0;0.0;0.0;0.0;0.0;
2014_02_22_19_39_55;1393094395321;0.0;0.0;0.0;0.0;0.0;0.0;0.0;0.0;0.0;-0.42;0.0;0.0;0.0;0.0;0.0;0.0;0.0;0;0;0;0;0;0;0;0;0;0;0;1500.0;1500.0;1500.0;1500.0;1500.0;1500.0;1500.0;1500.0;0.0;0.0;0.0;0.0;0.0;0.0;0.0;0.0;
2014_02_22_19_39_55;1393094395388;0.0;0.0;0.0;0.0;0.0;0.0;0.0;0.0;0.0;-0.45;0.0;0.0;0.0;0.0;0.0;0.0;0.0;0;0;0;0;0;0;0;0;0;0;0;1500.0;1500.0;1500.0;1500.0;1500.0;1500.0;1500.0;1500.0;0.0;0.0;0.0;0.0;0.0;0.0;0.0;0.0;
2014_02_22_19_39_55;1393094395476;0.0;0.0;0.0;0.0;0.0;0.0;0.0;0.0;0.0;-0.48;0.0;0.0;0.0;0.0;0.0;0.0;0.0;0;0;0;0;0;0;0;0;0;0;0;1500.0;1500.0;1500.0;1500.0;1500.0;1500.0;1500.0;1500.0;0.0;0.0;0.0;0.0;0.0;0.0;0.0;0.0;
2014_02_22_19_39_55;1393094395645;0.0;0.0;0.0;0.0;0.0;0.0;0.0;0.0;0.0;-0.54;0.0;0.0;0.0;0.0;0.0;0.0;0.0;0;0;0;0;0;0;0;0;0;0;0;1500.0;1500.0;1500.0;1500.0;1500.0;1500.0;1500.0;1500.0;0.0;0.0;0.0;0.0;0.0;0.0;0.0;0.0;
2014_02_22_19_39_55;1393094395708;0.0;0.0;0.0;0.0;0.0;0.0;0.0;0.0;0.0;-0.57;0.0;0.0;0.0;0.0;0.0;0.0;0.0;0;0;0;0;0;0;0;0;0;0;0;1500.0;1500.0;1500.0;1500.0;1500.0;1500.0;1500.0;1500.0;0.0;0.0;0.0;0.0;0.0;0.0;0.0;0.0;
2014_02_22_19_39_55;1393094395877;0.0;0.0;0.0;0.0;0.0;0.0;0.0;0.0;0.0;-0.53;0.0;0.0;0.0;0.0;0.0;295.0;0.0;0;0;0;0;0;0;0;0;0;0;0;1500.0;1500.0;1500.0;1500.0;1500.0;1500.0;1500.0;1500.0;0.0;0.0;0.0;0.0;0.0;0.0;0.0;0.0;
2014_02_22_19_39_55;1393094395887;0.0;0.0;0.0;0.0;0.0;0.0;0.0;0.0;0.0;-0.53;0.0;0.0;0.0;0.0;0.0;295.0;0.0;0;0;0;0;0;0;0;0;0;0;0;1500.0;1500.0;1500.0;1500.0;1500.0;1500.0;1500.0;1500.0;0.0;0.0;0.0;0.0;0.0;0.0;0.0;0.0;
2014_02_22_19_39_55;1393094395972;0.0;0.0;0.0;0.0;0.0;0.0;0.0;0.0;0.0;-0.21;0.0;0.0;0.0;0.0;0.0;9999.0;0.0;0;0;0;0;0;0;0;0;0;0;0;1500.0;1500.0;1500.0;1500.0;1500.0;1500.0;1500.0;1500.0;0.0;0.0;0.0;0.0;0.0;0.0;0.0;0.0;
2014_02_22_19_39_56;1393094396137;0.0;0.0;0.0;0.0;0.0;0.0;0.0;0.0;0.0;-0.16;0.0;0.0;0.0;0.0;0.0;244.0;0.0;0;0;0;0;0;0;0;0;0;0;0;1500.0;1500.0;1500.0;1500.0;1500.0;1500.0;1500.0;1500.0;0.0;0.0;0.0;0.0;0.0;0.0;0.0;0.0;
2014_02_22_19_39_56;1393094396192;0.0;0.0;0.0;0.0;0.0;0.0;0.0;0.0;0.0;0.0;0.0;0.0;0.0;0.0;0.0;244.0;0.0;0;0;0;0;0;0;0;0;0;0;0;1500.0;1500.0;1500.0;1500.0;1500.0;1500.0;1500.0;1500.0;0.0;0.0;0.0;0.0;0.0;0.0;0.0;0.0;
2014_02_22_19_39_56;1393094396275;0.0;0.0;0.0;0.0;0.0;0.0;0.0;0.0;0.0;0.04;0.0;0.0;0.0;0.0;0.0;316.0;0.0;0;0;0;0;0;0;0;0;0;0;0;1500.0;1500.0;1500.0;1500.0;1500.0;1500.0;1500.0;1500.0;0.0;0.0;0.0;0.0;0.0;0.0;0.0;0.0;
2014_02_22_19_39_56;1393094396340;0.0;0.0;0.0;0.0;0.0;0.0;0.0;0.0;0.0;0.16;0.0;0.0;0.0;0.0;0.0;286.0;0.0;0;0;0;0;0;0;0;0;0;0;0;1500.0;1500.0;1500.0;1500.0;1500.0;1500.0;1500.0;1500.0;0.0;0.0;0.0;0.0;0.0;0.0;0.0;0.0;
2014_02_22_19_39_56;1393094396370;0.0;0.0;0.0;0.0;0.0;0.0;0.0;0.0;0.0;0.16;0.0;0.0;0.0;0.0;0.0;31.0;0.0;0;0;0;0;0;0;0;0;0;0;0;1500.0;1500.0;1500.0;1500.0;1500.0;1500.0;1500.0;1500.0;0.0;0.0;0.0;0.0;0.0;0.0;0.0;0.0;
2014_02_22_19_39_56;1393094396410;0.0;0.0;0.0;0.0;0.0;0.0;0.0;0.0;0.0;0.16;0.0;0.0;0.0;0.0;0.0;31.0;0.0;0;0;0;0;0;0;0;0;0;0;0;1500.0;1500.0;1500.0;1500.0;1500.0;1500.0;1500.0;1500.0;0.0;0.0;0.0;0.0;0.0;0.0;0.0;0.0;
2014_02_22_19_39_56;1393094396436;0.0;0.0;0.0;0.0;0.0;0.0;0.0;0.0;0.0;0.16;0.0;0.0;0.0;0.0;0.0;31.0;0.0;0;0;0;0;0;0;0;0;0;0;0;1500.0;1500.0;1500.0;1500.0;1500.0;1500.0;1500.0;1500.0;0.0;0.0;0.0;0.0;0.0;0.0;0.0;0.0;
2014_02_22_19_39_56;1393094396468;0.0;0.0;0.0;0.0;0.0;0.0;0.0;0.0;0.0;0.16;0.0;0.0;0.0;0.0;0.0;188.0;0.0;0;0;0;0;0;0;0;0;0;0;0;1500.0;1500.0;1500.0;1500.0;1500.0;1500.0;1500.0;1500.0;0.0;0.0;0.0;0.0;0.0;0.0;0.0;0.0;
2014_02_22_19_39_56;1393094396552;0.0;0.0;0.0;0.0;0.0;0.0;0.0;0.0;0.0;0.47;0.0;0.0;0.0;0.0;0.0;229.0;0.0;0;0;0;0;0;0;0;0;0;0;0;1500.0;1500.0;1500.0;1500.0;1500.0;1500.0;1500.0;1500.0;0.0;0.0;0.0;0.0;0.0;0.0;0.0;0.0;
2014_02_22_19_39_56;1393094396681;0.0;0.0;0.0;0.0;0.0;0.0;0.0;0.0;0.0;0.58;0.0;0.0;0.0;0.0;0.0;39.0;0.0;0;0;0;0;0;0;0;0;0;0;0;1500.0;1500.0;1500.0;1500.0;1500.0;1500.0;1500.0;1500.0;0.0;0.0;0.0;0.0;0.0;0.0;0.0;0.0;
2014_02_22_19_39_56;1393094396757;0.0;0.0;0.0;0.0;0.0;0.0;0.0;0.0;0.0;0.58;0.0;0.0;0.0;0.0;0.0;39.0;0.0;0;0;0;0;0;0;0;0;0;0;0;1500.0;1500.0;1500.0;1500.0;1500.0;1500.0;1500.0;1500.0;0.0;0.0;0.0;0.0;0.0;0.0;0.0;0.0;
2014_02_22_19_39_56;1393094396866;0.0;0.0;0.0;0.0;0.0;0.0;0.0;0.0;0.0;0.63;0.0;0.0;0.0;0.0;0.0;272.0;0.0;0;0;0;0;0;0;0;0;0;0;0;1500.0;1500.0;1500.0;1500.0;1500.0;1500.0;1500.0;1500.0;0.0;0.0;0.0;0.0;0.0;0.0;0.0;0.0;
2014_02_22_19_39_57;1393094397071;0.0;0.0;0.0;0.0;0.0;0.0;0.0;0.0;0.0;0.48;0.0;0.0;0.0;0.0;0.0;32.0;0.0;0;0;0;0;0;0;0;0;0;0;0;1500.0;1500.0;1500.0;1500.0;1500.0;1500.0;1500.0;1500.0;0.0;0.0;0.0;0.0;0.0;0.0;0.0;0.0;
2014_02_22_19_39_57;1393094397147;0.0;0.0;0.0;0.0;0.0;0.0;0.0;0.0;0.0;0.45;0.0;0.0;0.0;0.0;0.0;32.0;0.0;0;0;0;0;0;0;0;0;0;0;0;1500.0;1500.0;1500.0;1500.0;1500.0;1500.0;1500.0;1500.0;0.0;0.0;0.0;0.0;0.0;0.0;0.0;0.0;
2014_02_22_19_39_57;1393094397252;0.0;0.0;0.0;0.0;0.0;0.0;0.0;0.0;0.0;0.45;0.0;0.0;0.0;0.0;0.0;224.0;0.0;0;0;0;0;0;0;0;0;0;0;0;1500.0;1500.0;1500.0;1500.0;1500.0;1500.0;1500.0;1500.0;0.0;0.0;0.0;0.0;0.0;0.0;0.0;0.0;
2014_02_22_19_39_57;1393094397260;0.0;0.0;0.0;0.0;0.0;0.0;0.0;0.0;0.0;0.45;0.0;0.0;0.0;0.0;0.0;224.0;0.0;0;0;0;0;0;0;0;0;0;0;0;1500.0;1500.0;1500.0;1500.0;1500.0;1500.0;1500.0;1500.0;0.0;0.0;0.0;0.0;0.0;0.0;0.0;0.0;
2014_02_22_19_39_57;1393094397316;0.0;0.0;0.0;0.0;0.0;0.0;0.0;0.0;0.0;0.56;0.0;0.0;0.0;0.0;0.0;224.0;0.0;0;0;0;0;0;0;0;0;0;0;0;1500.0;1500.0;1500.0;1500.0;1500.0;1500.0;1500.0;1500.0;0.0;0.0;0.0;0.0;0.0;0.0;0.0;0.0;
2014_02_22_19_39_57;1393094397390;0.0;0.0;0.0;0.0;0.0;0.0;0.0;0.0;0.0;0.45;0.0;0.0;0.0;0.0;0.0;321.0;0.0;0;0;0;0;0;0;0;0;0;0;0;1500.0;1500.0;1500.0;1500.0;1500.0;1500.0;1500.0;1500.0;0.0;0.0;0.0;0.0;0.0;0.0;0.0;0.0;
2014_02_22_19_39_57;1393094397451;0.0;0.0;0.0;0.0;0.0;0.0;0.0;0.0;0.0;0.52;0.0;0.0;0.0;0.0;0.0;132.0;0.0;0;0;0;0;0;0;0;0;0;0;0;1500.0;1500.0;1500.0;1500.0;1500.0;1500.0;1500.0;1500.0;0.0;0.0;0.0;0.0;0.0;0.0;0.0;0.0;
2014_02_22_19_39_57;1393094397481;0.0;0.0;0.0;0.0;0.0;0.0;0.0;0.0;0.0;0.58;0.0;0.0;0.0;0.0;0.0;132.0;0.0;0;0;0;0;0;0;0;0;0;0;0;1500.0;1500.0;1500.0;1500.0;1500.0;1500.0;1500.0;1500.0;0.0;0.0;0.0;0.0;0.0;0.0;0.0;0.0;
2014_02_22_19_39_57;1393094397516;0.0;0.0;0.0;0.0;0.0;0.0;0.0;0.0;0.0;0.55;0.0;0.0;0.0;0.0;0.0;290.0;0.0;0;0;0;0;0;0;0;0;0;0;0;1500.0;1500.0;1500.0;1500.0;1500.0;1500.0;1500.0;1500.0;0.0;0.0;0.0;0.0;0.0;0.0;0.0;0.0;
2014_02_22_19_39_57;1393094397598;0.0;0.0;0.0;0.0;0.0;0.0;0.0;0.0;0.0;0.51;0.0;0.0;0.0;0.0;0.0;38.0;0.0;0;0;0;0;0;0;0;0;0;0;0;1500.0;1500.0;1500.0;1500.0;1500.0;1500.0;1500.0;1500.0;0.0;0.0;0.0;0.0;0.0;0.0;0.0;0.0;
2014_02_22_19_39_57;1393094397680;0.0;0.0;0.0;0.0;0.0;0.0;0.0;0.0;0.0;0.53;0.0;0.0;0.0;0.0;0.0;90.0;0.0;0;0;0;0;0;0;0;0;0;0;0;1500.0;1500.0;1500.0;1500.0;1500.0;1500.0;1500.0;1500.0;0.0;0.0;0.0;0.0;0.0;0.0;0.0;0.0;
2014_02_22_19_39_57;1393094397783;0.0;0.0;0.0;0.0;0.0;0.0;0.0;0.0;0.0;0.59;0.0;0.0;0.0;0.0;0.0;35.0;0.0;0;0;0;0;0;0;0;0;0;0;0;1500.0;1500.0;1500.0;1500.0;1500.0;1500.0;1500.0;1500.0;0.0;0.0;0.0;0.0;0.0;0.0;0.0;0.0;
2014_02_22_19_39_57;1393094397802;0.0;0.0;0.0;0.0;0.0;0.0;0.0;0.0;0.0;0.59;0.0;0.0;0.0;0.0;0.0;35.0;0.0;0;0;0;0;0;0;0;0;0;0;0;1500.0;1500.0;1500.0;1500.0;1500.0;1500.0;1500.0;1500.0;0.0;0.0;0.0;0.0;0.0;0.0;0.0;0.0;
2014_02_22_19_39_57;1393094397895;0.0;0.0;0.0;0.0;0.0;0.0;0.0;0.0;0.0;0.67;0.0;0.0;0.0;0.0;0.0;158.0;0.0;0;0;0;0;0;0;0;0;0;0;0;1500.0;1500.0;1500.0;1500.0;1500.0;1500.0;1500.0;1500.0;0.0;0.0;0.0;0.0;0.0;0.0;0.0;0.0;
2014_02_22_19_39_57;1393094397956;0.0;0.0;0.0;0.0;0.0;0.0;0.0;0.0;0.0;0.71;0.0;0.0;0.0;0.0;0.0;45.0;0.0;0;0;0;0;0;0;0;0;0;0;0;1500.0;1500.0;1500.0;1500.0;1500.0;1500.0;1500.0;1500.0;0.0;0.0;0.0;0.0;0.0;0.0;0.0;0.0;
2014_02_22_19_39_58;1393094398084;0.0;0.0;0.0;0.0;0.0;0.0;0.0;0.0;0.0;0.75;0.0;0.0;0.0;0.0;0.0;74.0;0.0;0;0;0;0;0;0;0;0;0;0;0;1500.0;1500.0;1500.0;1500.0;1500.0;1500.0;1500.0;1500.0;0.0;0.0;0.0;0.0;0.0;0.0;0.0;0.0;
2014_02_22_19_39_58;1393094398109;0.0;0.0;0.0;0.0;0.0;0.0;0.0;0.0;0.0;0.7;0.0;0.0;0.0;0.0;0.0;0.0;0.0;0;0;0;0;0;0;0;0;0;0;0;1500.0;1500.0;1500.0;1500.0;1500.0;1500.0;1500.0;1500.0;0.0;0.0;0.0;0.0;0.0;0.0;0.0;0.0;
2014_02_22_19_39_58;1393094398191;0.0;0.0;0.0;0.0;0.0;0.0;0.0;0.0;0.0;0.55;0.0;0.0;0.0;0.0;0.0;0.0;0.0;0;0;0;0;0;0;0;0;0;0;0;1500.0;1500.0;1500.0;1500.0;1500.0;1500.0;1500.0;1500.0;0.0;0.0;0.0;0.0;0.0;0.0;0.0;0.0;
2014_02_22_19_39_58;1393094398271;0.0;0.0;0.0;0.0;0.0;0.0;0.0;0.0;0.0;0.43;0.0;0.0;0.0;0.0;0.0;13.0;0.0;0;0;0;0;0;0;0;0;0;0;0;1500.0;1500.0;1500.0;1500.0;1500.0;1500.0;1500.0;1500.0;0.0;0.0;0.0;0.0;0.0;0.0;0.0;0.0;
2014_02_22_19_39_58;1393094398356;0.0;0.0;0.0;0.0;0.0;0.0;0.0;0.0;0.0;0.33;0.0;0.0;0.0;0.0;0.0;4.0;0.0;0;0;0;0;0;0;0;0;0;0;0;1500.0;1500.0;1500.0;1500.0;1500.0;1500.0;1500.0;1500.0;0.0;0.0;0.0;0.0;0.0;0.0;0.0;0.0;
2014_02_22_19_39_58;1393094398536;0.0;0.0;0.0;0.0;0.0;0.0;0.0;0.0;0.0;0.23;0.0;0.0;0.0;0.0;0.0;33.0;0.0;0;0;0;0;0;0;0;0;0;0;0;1500.0;1500.0;1500.0;1500.0;1500.0;1500.0;1500.0;1500.0;0.0;0.0;0.0;0.0;0.0;0.0;0.0;0.0;
2014_02_22_19_39_58;1393094398594;0.0;0.0;0.0;0.0;0.0;0.0;0.0;0.0;0.0;0.12;0.0;0.0;0.0;0.0;0.0;8.0;0.0;0;0;0;0;0;0;0;0;0;0;0;1500.0;1500.0;1500.0;1500.0;1500.0;1500.0;1500.0;1500.0;0.0;0.0;0.0;0.0;0.0;0.0;0.0;0.0;
2014_02_22_19_39_58;1393094398702;0.0;0.0;0.0;0.0;0.0;0.0;0.0;0.0;0.0;0.06;0.0;0.0;0.0;0.0;0.0;20.0;0.0;0;0;0;0;0;0;0;0;0;0;0;1500.0;1500.0;1500.0;1500.0;1500.0;1500.0;1500.0;1500.0;0.0;0.0;0.0;0.0;0.0;0.0;0.0;0.0;
2014_02_22_19_39_58;1393094398780;0.0;0.0;0.0;0.0;0.0;0.0;0.0;0.0;0.0;0.04;0.0;0.0;0.0;0.0;0.0;29.0;0.0;0;0;0;0;0;0;0;0;0;0;0;1500.0;1500.0;1500.0;1500.0;1500.0;1500.0;1500.0;1500.0;0.0;0.0;0.0;0.0;0.0;0.0;0.0;0.0;
2014_02_22_19_39_58;1393094398997;0.0;0.0;0.0;0.0;0.0;0.0;0.0;0.0;0.0;-0.03;0.0;0.0;0.0;0.0;0.0;0.0;0.0;0;0;0;0;0;0;0;0;0;0;0;1500.0;1500.0;1500.0;1500.0;1500.0;1500.0;1500.0;1500.0;0.0;0.0;0.0;0.0;0.0;0.0;0.0;0.0;
2014_02_22_19_39_59;1393094399153;0.0;0.0;0.0;0.0;0.0;0.0;0.0;0.0;0.0;-0.01;0.0;0.0;0.0;0.0;0.0;12.0;0.0;0;0;0;0;0;0;0;0;0;0;0;1500.0;1500.0;1500.0;1500.0;1500.0;1500.0;1500.0;1500.0;0.0;0.0;0.0;0.0;0.0;0.0;0.0;0.0;
2014_02_22_19_39_59;1393094399238;0.0;0.0;0.0;0.0;0.0;0.0;0.0;0.0;0.0;-0.05;0.0;0.0;0.0;0.0;0.0;9.0;0.0;0;0;0;0;0;0;0;0;0;0;0;1500.0;1500.0;1500.0;1500.0;1500.0;1500.0;1500.0;1500.0;0.0;0.0;0.0;0.0;0.0;0.0;0.0;0.0;
2014_02_22_19_39_59;1393094399321;0.0;0.0;0.0;0.0;0.0;0.0;0.0;0.0;0.0;-0.07;0.0;0.0;0.0;0.0;0.0;21.0;0.0;0;0;0;0;0;0;0;0;0;0;0;1500.0;1500.0;1500.0;1500.0;1500.0;1500.0;1500.0;1500.0;0.0;0.0;0.0;0.0;0.0;0.0;0.0;0.0;
2014_02_22_19_39_59;1393094399406;0.0;0.0;0.0;0.0;0.0;0.0;0.0;0.0;0.0;-0.11;0.0;0.0;0.0;0.0;0.0;0.0;0.0;0;0;0;0;0;0;0;0;0;0;0;1500.0;1500.0;1500.0;1500.0;1500.0;1500.0;1500.0;1500.0;0.0;0.0;0.0;0.0;0.0;0.0;0.0;0.0;
2014_02_22_19_39_59;1393094399595;0.0;0.0;0.0;0.0;0.0;0.0;0.0;0.0;0.0;-0.13;0.0;0.0;0.0;0.0;0.0;9.0;0.0;0;0;0;0;0;0;0;0;0;0;0;1500.0;1500.0;1500.0;1500.0;1500.0;1500.0;1500.0;1500.0;0.0;0.0;0.0;0.0;0.0;0.0;0.0;0.0;
2014_02_22_19_39_59;1393094399648;0.0;0.0;0.0;0.0;0.0;0.0;0.0;0.0;0.0;-0.17;0.0;0.0;0.0;0.0;0.0;2.0;0.0;0;0;0;0;0;0;0;0;0;0;0;1500.0;1500.0;1500.0;1500.0;1500.0;1500.0;1500.0;1500.0;0.0;0.0;0.0;0.0;0.0;0.0;0.0;0.0;
2014_02_22_19_39_59;1393094399872;0.0;0.0;0.0;0.0;0.0;0.0;0.0;0.0;0.0;-0.21;0.0;0.0;0.0;0.0;0.0;7.0;0.0;0;0;0;0;0;0;0;0;0;0;0;1500.0;1500.0;1500.0;1500.0;1500.0;1500.0;1500.0;1500.0;0.0;0.0;0.0;0.0;0.0;0.0;0.0;0.0;
2014_02_22_19_39_59;1393094399892;0.0;0.0;0.0;0.0;0.0;0.0;0.0;0.0;0.0;-0.21;0.0;0.0;0.0;0.0;0.0;22.0;0.0;0;0;0;0;0;0;0;0;0;0;0;1500.0;1500.0;1500.0;1500.0;1500.0;1500.0;1500.0;1500.0;0.0;0.0;0.0;0.0;0.0;0.0;0.0;0.0;
2014_02_22_19_39_59;1393094399970;0.0;0.0;0.0;0.0;0.0;0.0;0.0;0.0;0.0;-0.22;0.0;0.0;0.0;0.0;0.0;22.0;0.0;0;0;0;0;0;0;0;0;0;0;0;1500.0;1500.0;1500.0;1500.0;1500.0;1500.0;1500.0;1500.0;0.0;0.0;0.0;0.0;0.0;0.0;0.0;0.0;
2014_02_22_19_40_00;1393094400149;0.0;0.0;0.0;0.0;0.0;0.0;0.0;0.0;0.0;-0.21;0.0;0.0;0.0;0.0;0.0;0.0;0.0;0;0;0;0;0;0;0;0;0;0;0;1500.0;1500.0;1500.0;1500.0;1500.0;1500.0;1500.0;1500.0;0.0;0.0;0.0;0.0;0.0;0.0;0.0;0.0;
2014_02_22_19_40_00;1393094400201;0.0;0.0;0.0;0.0;0.0;0.0;0.0;0.0;0.0;-0.26;0.0;0.0;0.0;0.0;0.0;9.0;0.0;0;0;0;0;0;0;0;0;0;0;0;1500.0;1500.0;1500.0;1500.0;1500.0;1500.0;1500.0;1500.0;0.0;0.0;0.0;0.0;0.0;0.0;0.0;0.0;
2014_02_22_19_40_00;1393094400231;0.0;0.0;0.0;0.0;0.0;0.0;0.0;0.0;0.0;-0.27;0.0;0.0;0.0;0.0;0.0;9.0;0.0;0;0;0;0;0;0;0;0;0;0;0;1500.0;1500.0;1500.0;1500.0;1500.0;1500.0;1500.0;1500.0;0.0;0.0;0.0;0.0;0.0;0.0;0.0;0.0;
2014_02_22_19_40_00;1393094400254;0.0;0.0;0.0;0.0;0.0;0.0;0.0;0.0;0.0;-0.27;0.0;0.0;0.0;0.0;0.0;19.0;0.0;0;0;0;0;0;0;0;0;0;0;0;1500.0;1500.0;1500.0;1500.0;1500.0;1500.0;1500.0;1500.0;0.0;0.0;0.0;0.0;0.0;0.0;0.0;0.0;
2014_02_22_19_40_00;1393094400277;0.0;0.0;0.0;0.0;0.0;0.0;0.0;0.0;0.0;-0.27;0.0;0.0;0.0;0.0;0.0;19.0;0.0;0;0;0;0;0;0;0;0;0;0;0;1500.0;1500.0;1500.0;1500.0;1500.0;1500.0;1500.0;1500.0;0.0;0.0;0.0;0.0;0.0;0.0;0.0;0.0;
2014_02_22_19_40_00;1393094400307;0.0;0.0;0.0;0.0;0.0;0.0;0.0;0.0;0.0;-0.27;0.0;0.0;0.0;0.0;0.0;19.0;0.0;0;0;0;0;0;0;0;0;0;0;0;1500.0;1500.0;1500.0;1500.0;1500.0;1500.0;1500.0;1500.0;0.0;0.0;0.0;0.0;0.0;0.0;0.0;0.0;
2014_02_22_19_40_00;1393094400349;0.0;0.0;0.0;0.0;0.0;0.0;0.0;0.0;0.0;-0.27;0.0;0.0;0.0;0.0;0.0;19.0;0.0;0;0;0;0;0;0;0;0;0;0;0;1500.0;1500.0;1500.0;1500.0;1500.0;1500.0;1500.0;1500.0;0.0;0.0;0.0;0.0;0.0;0.0;0.0;0.0;
2014_02_22_19_40_00;1393094400370;0.0;0.0;0.0;0.0;0.0;0.0;0.0;0.0;0.0;-0.27;0.0;0.0;0.0;0.0;0.0;15.0;0.0;0;0;0;0;0;0;0;0;0;0;0;1500.0;1500.0;1500.0;1500.0;1500.0;1500.0;1500.0;1500.0;0.0;0.0;0.0;0.0;0.0;0.0;0.0;0.0;
2014_02_22_19_40_00;1393094400395;0.0;0.0;0.0;0.0;0.0;0.0;0.0;0.0;0.0;-0.27;0.0;0.0;0.0;0.0;0.0;15.0;0.0;0;0;0;0;0;0;0;0;0;0;0;1500.0;1500.0;1500.0;1500.0;1500.0;1500.0;1500.0;1500.0;0.0;0.0;0.0;0.0;0.0;0.0;0.0;0.0;
2014_02_22_19_40_00;1393094400402;0.0;0.0;0.0;0.0;0.0;0.0;0.0;0.0;0.0;-0.27;0.0;0.0;0.0;0.0;0.0;15.0;0.0;0;0;0;0;0;0;0;0;0;0;0;1500.0;1500.0;1500.0;1500.0;1500.0;1500.0;1500.0;1500.0;0.0;0.0;0.0;0.0;0.0;0.0;0.0;0.0;
2014_02_22_19_40_00;1393094400413;0.0;0.0;0.0;0.0;0.0;0.0;0.0;0.0;0.0;-0.27;0.0;0.0;0.0;0.0;0.0;29.0;0.0;0;0;0;0;0;0;0;0;0;0;0;1500.0;1500.0;1500.0;1500.0;1500.0;1500.0;1500.0;1500.0;0.0;0.0;0.0;0.0;0.0;0.0;0.0;0.0;
2014_02_22_19_40_00;1393094400432;0.0;0.0;0.0;0.0;0.0;0.0;0.0;0.0;0.0;-0.26;0.0;0.0;0.0;0.0;0.0;29.0;0.0;0;0;0;0;0;0;0;0;0;0;0;1500.0;1500.0;1500.0;1500.0;1500.0;1500.0;1500.0;1500.0;0.0;0.0;0.0;0.0;0.0;0.0;0.0;0.0;
2014_02_22_19_40_00;1393094400452;0.0;0.0;0.0;0.0;0.0;0.0;0.0;0.0;0.0;-0.25;0.0;0.0;0.0;0.0;0.0;29.0;0.0;0;0;0;0;0;0;0;0;0;0;0;1500.0;1500.0;1500.0;1500.0;1500.0;1500.0;1500.0;1500.0;0.0;0.0;0.0;0.0;0.0;0.0;0.0;0.0;
2014_02_22_19_40_00;1393094400476;0.0;0.0;0.0;0.0;0.0;0.0;0.0;0.0;0.0;-0.24;0.0;0.0;0.0;0.0;0.0;29.0;0.0;0;0;0;0;0;0;0;0;0;0;0;1500.0;1500.0;1500.0;1500.0;1500.0;1500.0;1500.0;1500.0;0.0;0.0;0.0;0.0;0.0;0.0;0.0;0.0;
2014_02_22_19_40_00;1393094400498;0.0;0.0;0.0;0.0;0.0;0.0;0.0;0.0;0.0;-0.23;0.0;0.0;0.0;0.0;0.0;29.0;0.0;0;0;0;0;0;0;0;0;0;0;0;1500.0;1500.0;1500.0;1500.0;1500.0;1500.0;1500.0;1500.0;0.0;0.0;0.0;0.0;0.0;0.0;0.0;0.0;
2014_02_22_19_40_00;1393094400518;0.0;0.0;0.0;0.0;0.0;0.0;0.0;0.0;0.0;-0.22;0.0;0.0;0.0;0.0;0.0;26.0;0.0;0;0;0;0;0;0;0;0;0;0;0;1500.0;1500.0;1500.0;1500.0;1500.0;1500.0;1500.0;1500.0;0.0;0.0;0.0;0.0;0.0;0.0;0.0;0.0;
2014_02_22_19_40_00;1393094400542;0.0;0.0;0.0;0.0;0.0;0.0;0.0;0.0;0.0;-0.21;0.0;0.0;0.0;0.0;0.0;26.0;0.0;0;0;0;0;0;0;0;0;0;0;0;1500.0;1500.0;1500.0;1500.0;1500.0;1500.0;1500.0;1500.0;0.0;0.0;0.0;0.0;0.0;0.0;0.0;0.0;
2014_02_22_19_40_00;1393094400558;0.0;0.0;0.0;0.0;0.0;0.0;0.0;0.0;0.0;-0.21;0.0;0.0;0.0;0.0;0.0;26.0;0.0;0;0;0;0;0;0;0;0;0;0;0;1500.0;1500.0;1500.0;1500.0;1500.0;1500.0;1500.0;1500.0;0.0;0.0;0.0;0.0;0.0;0.0;0.0;0.0;
2014_02_22_19_40_00;1393094400570;0.0;0.0;0.0;0.0;0.0;0.0;0.0;0.0;0.0;-0.2;0.0;0.0;0.0;0.0;0.0;26.0;0.0;0;0;0;0;0;0;0;0;0;0;0;1500.0;1500.0;1500.0;1500.0;1500.0;1500.0;1500.0;1500.0;0.0;0.0;0.0;0.0;0.0;0.0;0.0;0.0;
2014_02_22_19_40_00;1393094400593;0.0;0.0;0.0;0.0;0.0;0.0;0.0;0.0;0.0;-0.22;0.0;0.0;0.0;0.0;0.0;26.0;0.0;0;0;0;0;0;0;0;0;0;0;0;1500.0;1500.0;1500.0;1500.0;1500.0;1500.0;1500.0;1500.0;0.0;0.0;0.0;0.0;0.0;0.0;0.0;0.0;
2014_02_22_19_40_00;1393094400596;0.0;0.0;0.0;0.0;0.0;0.0;0.0;0.0;0.0;-0.22;0.0;0.0;0.0;0.0;0.0;26.0;0.0;0;0;0;0;0;0;0;0;0;0;0;1500.0;1500.0;1500.0;1500.0;1500.0;1500.0;1500.0;1500.0;0.0;0.0;0.0;0.0;0.0;0.0;0.0;0.0;
2014_02_22_19_40_00;1393094400612;0.0;0.0;0.0;0.0;0.0;0.0;0.0;0.0;0.0;-0.22;0.0;0.0;0.0;0.0;0.0;2.0;0.0;0;0;0;0;0;0;0;0;0;0;0;1500.0;1500.0;1500.0;1500.0;1500.0;1500.0;1500.0;1500.0;0.0;0.0;0.0;0.0;0.0;0.0;0.0;0.0;
2014_02_22_19_40_00;1393094400628;0.0;0.0;0.0;0.0;0.0;0.0;0.0;0.0;0.0;-0.24;0.0;0.0;0.0;0.0;0.0;2.0;0.0;0;0;0;0;0;0;0;0;0;0;0;1500.0;1500.0;1500.0;1500.0;1500.0;1500.0;1500.0;1500.0;0.0;0.0;0.0;0.0;0.0;0.0;0.0;0.0;
2014_02_22_19_40_00;1393094400678;0.0;0.0;0.0;0.0;0.0;0.0;0.0;0.0;0.0;-0.26;0.0;0.0;0.0;0.0;0.0;2.0;0.0;0;0;0;0;0;0;0;0;0;0;0;1500.0;1500.0;1500.0;1500.0;1500.0;1500.0;1500.0;1500.0;0.0;0.0;0.0;0.0;0.0;0.0;0.0;0.0;
2014_02_22_19_40_00;1393094400713;0.0;0.0;0.0;0.0;0.0;0.0;0.0;0.0;0.0;-0.26;0.0;0.0;0.0;0.0;0.0;11.0;0.0;0;0;0;0;0;0;0;0;0;0;0;1500.0;1500.0;1500.0;1500.0;1500.0;1500.0;1500.0;1500.0;0.0;0.0;0.0;0.0;0.0;0.0;0.0;0.0;
2014_02_22_19_40_00;1393094400729;0.0;0.0;0.0;0.0;0.0;0.0;0.0;0.0;0.0;-0.28;0.0;0.0;0.0;0.0;0.0;11.0;0.0;0;0;0;0;0;0;0;0;0;0;0;1500.0;1500.0;1500.0;1500.0;1500.0;1500.0;1500.0;1500.0;0.0;0.0;0.0;0.0;0.0;0.0;0.0;0.0;
2014_02_22_19_40_00;1393094400734;0.0;0.0;0.0;0.0;0.0;0.0;0.0;0.0;0.0;-0.28;0.0;0.0;0.0;0.0;0.0;11.0;0.0;0;0;0;0;0;0;0;0;0;0;0;1500.0;1500.0;1500.0;1500.0;1500.0;1500.0;1500.0;1500.0;0.0;0.0;0.0;0.0;0.0;0.0;0.0;0.0;
2014_02_22_19_40_00;1393094400763;0.0;0.0;0.0;0.0;0.0;0.0;0.0;0.0;0.0;-0.28;0.0;0.0;0.0;0.0;0.0;9.0;0.0;0;0;0;0;0;0;0;0;0;0;0;1500.0;1500.0;1500.0;1500.0;1500.0;1500.0;1500.0;1500.0;0.0;0.0;0.0;0.0;0.0;0.0;0.0;0.0;
2014_02_22_19_40_00;1393094400790;0.0;0.0;0.0;0.0;0.0;0.0;0.0;0.0;0.0;-0.3;0.0;0.0;0.0;0.0;0.0;9.0;0.0;0;0;0;0;0;0;0;0;0;0;0;1500.0;1500.0;1500.0;1500.0;1500.0;1500.0;1500.0;1500.0;0.0;0.0;0.0;0.0;0.0;0.0;0.0;0.0;
2014_02_22_19_40_00;1393094400802;0.0;0.0;0.0;0.0;0.0;0.0;0.0;0.0;0.0;-0.3;0.0;0.0;0.0;0.0;0.0;9.0;0.0;0;0;0;0;0;0;0;0;0;0;0;1500.0;1500.0;1500.0;1500.0;1500.0;1500.0;1500.0;1500.0;0.0;0.0;0.0;0.0;0.0;0.0;0.0;0.0;
2014_02_22_19_40_00;1393094400850;0.0;0.0;0.0;0.0;0.0;0.0;0.0;0.0;0.0;-0.31;0.0;0.0;0.0;0.0;0.0;9.0;0.0;0;0;0;0;0;0;0;0;0;0;0;1500.0;1500.0;1500.0;1500.0;1500.0;1500.0;1500.0;1500.0;0.0;0.0;0.0;0.0;0.0;0.0;0.0;0.0;
2014_02_22_19_40_00;1393094400873;0.0;0.0;0.0;0.0;0.0;0.0;0.0;0.0;0.0;-0.31;0.0;0.0;0.0;0.0;0.0;9.0;0.0;0;0;0;0;0;0;0;0;0;0;0;1500.0;1500.0;1500.0;1500.0;1500.0;1500.0;1500.0;1500.0;0.0;0.0;0.0;0.0;0.0;0.0;0.0;0.0;
2014_02_22_19_40_00;1393094400890;0.0;0.0;0.0;0.0;0.0;0.0;0.0;0.0;0.0;-0.34;0.0;0.0;0.0;0.0;0.0;2.0;0.0;0;0;0;0;0;0;0;0;0;0;0;1500.0;1500.0;1500.0;1500.0;1500.0;1500.0;1500.0;1500.0;0.0;0.0;0.0;0.0;0.0;0.0;0.0;0.0;
2014_02_22_19_40_00;1393094400899;0.0;0.0;0.0;0.0;0.0;0.0;0.0;0.0;0.0;-0.34;0.0;0.0;0.0;0.0;0.0;2.0;0.0;0;0;0;0;0;0;0;0;0;0;0;1500.0;1500.0;1500.0;1500.0;1500.0;1500.0;1500.0;1500.0;0.0;0.0;0.0;0.0;0.0;0.0;0.0;0.0;
2014_02_22_19_40_00;1393094400902;0.0;0.0;0.0;0.0;0.0;0.0;0.0;0.0;0.0;-0.34;0.0;0.0;0.0;0.0;0.0;2.0;0.0;0;0;0;0;0;0;0;0;0;0;0;1500.0;1500.0;1500.0;1500.0;1500.0;1500.0;1500.0;1500.0;0.0;0.0;0.0;0.0;0.0;0.0;0.0;0.0;
2014_02_22_19_40_00;1393094400922;0.0;0.0;0.0;0.0;0.0;0.0;0.0;0.0;0.0;-0.34;0.0;0.0;0.0;0.0;0.0;2.0;0.0;0;0;0;0;0;0;0;0;0;0;0;1500.0;1500.0;1500.0;1500.0;1500.0;1500.0;1500.0;1500.0;0.0;0.0;0.0;0.0;0.0;0.0;0.0;0.0;
2014_02_22_19_40_00;1393094400933;0.0;0.0;0.0;0.0;0.0;0.0;0.0;0.0;0.0;-0.34;0.0;0.0;0.0;0.0;0.0;2.0;0.0;0;0;0;0;0;0;0;0;0;0;0;1500.0;1500.0;1500.0;1500.0;1500.0;1500.0;1500.0;1500.0;0.0;0.0;0.0;0.0;0.0;0.0;0.0;0.0;
2014_02_22_19_40_00;1393094400959;0.0;0.0;0.0;0.0;0.0;0.0;0.0;0.0;0.0;-0.34;0.0;0.0;0.0;0.0;0.0;4.0;0.0;0;0;0;0;0;0;0;0;0;0;0;1500.0;1500.0;1500.0;1500.0;1500.0;1500.0;1500.0;1500.0;0.0;0.0;0.0;0.0;0.0;0.0;0.0;0.0;
2014_02_22_19_40_00;1393094400968;0.0;0.0;0.0;0.0;0.0;0.0;0.0;0.0;0.0;-0.37;0.0;0.0;0.0;0.0;0.0;4.0;0.0;0;0;0;0;0;0;0;0;0;0;0;1500.0;1500.0;1500.0;1500.0;1500.0;1500.0;1500.0;1500.0;0.0;0.0;0.0;0.0;0.0;0.0;0.0;0.0;
2014_02_22_19_40_00;1393094400986;0.0;0.0;0.0;0.0;0.0;0.0;0.0;0.0;0.0;-0.37;0.0;0.0;0.0;0.0;0.0;4.0;0.0;0;0;0;0;0;0;0;0;0;0;0;1500.0;1500.0;1500.0;1500.0;1500.0;1500.0;1500.0;1500.0;0.0;0.0;0.0;0.0;0.0;0.0;0.0;0.0;
2014_02_22_19_40_01;1393094401002;0.0;0.0;0.0;0.0;0.0;0.0;0.0;0.0;0.0;-0.38;0.0;0.0;0.0;0.0;0.0;4.0;0.0;0;0;0;0;0;0;0;0;0;0;0;1500.0;1500.0;1500.0;1500.0;1500.0;1500.0;1500.0;1500.0;0.0;0.0;0.0;0.0;0.0;0.0;0.0;0.0;
2014_02_22_19_40_01;1393094401022;0.0;0.0;0.0;0.0;0.0;0.0;0.0;0.0;0.0;-0.4;0.0;0.0;0.0;0.0;0.0;0.0;0.0;0;0;0;0;0;0;0;0;0;0;0;1500.0;1500.0;1500.0;1500.0;1500.0;1500.0;1500.0;1500.0;0.0;0.0;0.0;0.0;0.0;0.0;0.0;0.0;
2014_02_22_19_40_01;1393094401053;0.0;0.0;0.0;0.0;0.0;0.0;0.0;0.0;0.0;-0.4;0.0;0.0;0.0;0.0;0.0;0.0;0.0;0;0;0;0;0;0;0;0;0;0;0;1500.0;1500.0;1500.0;1500.0;1500.0;1500.0;1500.0;1500.0;0.0;0.0;0.0;0.0;0.0;0.0;0.0;0.0;
2014_02_22_19_40_01;1393094401057;0.0;0.0;0.0;0.0;0.0;0.0;0.0;0.0;0.0;-0.4;0.0;0.0;0.0;0.0;0.0;0.0;0.0;0;0;0;0;0;0;0;0;0;0;0;1500.0;1500.0;1500.0;1500.0;1500.0;1500.0;1500.0;1500.0;0.0;0.0;0.0;0.0;0.0;0.0;0.0;0.0;
2014_02_22_19_40_01;1393094401305;0.0;0.0;0.0;0.0;0.0;0.0;0.0;0.0;0.0;-0.45;0.0;0.0;0.0;0.0;0.0;17.0;0.0;0;0;0;0;0;0;0;0;0;0;0;1500.0;1500.0;1500.0;1500.0;1500.0;1500.0;1500.0;1500.0;0.0;0.0;0.0;0.0;0.0;0.0;0.0;0.0;
2014_02_22_19_40_01;1393094401320;0.0;0.0;0.0;0.0;0.0;0.0;0.0;0.0;0.0;-0.45;0.0;0.0;0.0;0.0;0.0;17.0;0.0;0;0;0;0;0;0;0;0;0;0;0;1500.0;1500.0;1500.0;1500.0;1500.0;1500.0;1500.0;1500.0;0.0;0.0;0.0;0.0;0.0;0.0;0.0;0.0;
2014_02_22_19_40_01;1393094401372;0.0;0.0;0.0;0.0;0.0;0.0;0.0;0.0;0.0;-0.4;0.0;0.0;0.0;0.0;0.0;17.0;0.0;0;0;0;0;0;0;0;0;0;0;0;1500.0;1500.0;1500.0;1500.0;1500.0;1500.0;1500.0;1500.0;0.0;0.0;0.0;0.0;0.0;0.0;0.0;0.0;
2014_02_22_19_40_01;1393094401405;0.0;0.0;0.0;0.0;0.0;0.0;0.0;0.0;0.0;-0.4;0.0;0.0;0.0;0.0;0.0;17.0;0.0;0;0;0;0;0;0;0;0;0;0;0;1500.0;1500.0;1500.0;1500.0;1500.0;1500.0;1500.0;1500.0;0.0;0.0;0.0;0.0;0.0;0.0;0.0;0.0;
2014_02_22_19_40_01;1393094401420;0.0;0.0;0.0;0.0;0.0;0.0;0.0;0.0;0.0;-0.4;0.0;0.0;0.0;0.0;0.0;17.0;0.0;0;0;0;0;0;0;0;0;0;0;0;1500.0;1500.0;1500.0;1500.0;1500.0;1500.0;1500.0;1500.0;0.0;0.0;0.0;0.0;0.0;0.0;0.0;0.0;
2014_02_22_19_40_01;1393094401444;0.0;0.0;0.0;0.0;0.0;0.0;0.0;0.0;0.0;-0.4;0.0;0.0;0.0;0.0;0.0;17.0;0.0;0;0;0;0;0;0;0;0;0;0;0;1500.0;1500.0;1500.0;1500.0;1500.0;1500.0;1500.0;1500.0;0.0;0.0;0.0;0.0;0.0;0.0;0.0;0.0;
2014_02_22_19_40_01;1393094401459;0.0;0.0;0.0;0.0;0.0;0.0;0.0;0.0;0.0;-0.4;0.0;0.0;0.0;0.0;0.0;17.0;0.0;0;0;0;0;0;0;0;0;0;0;0;1500.0;1500.0;1500.0;1500.0;1500.0;1500.0;1500.0;1500.0;0.0;0.0;0.0;0.0;0.0;0.0;0.0;0.0;
2014_02_22_19_40_01;1393094401463;0.0;0.0;0.0;0.0;0.0;0.0;0.0;0.0;0.0;-0.4;0.0;0.0;0.0;0.0;0.0;17.0;0.0;0;0;0;0;0;0;0;0;0;0;0;1500.0;1500.0;1500.0;1500.0;1500.0;1500.0;1500.0;1500.0;0.0;0.0;0.0;0.0;0.0;0.0;0.0;0.0;
2014_02_22_19_40_01;1393094401491;0.0;0.0;0.0;0.0;0.0;0.0;0.0;0.0;0.0;-0.4;0.0;0.0;0.0;0.0;0.0;17.0;0.0;0;0;0;0;0;0;0;0;0;0;0;1500.0;1500.0;1500.0;1500.0;1500.0;1500.0;1500.0;1500.0;0.0;0.0;0.0;0.0;0.0;0.0;0.0;0.0;
2014_02_22_19_40_01;1393094401508;0.0;0.0;0.0;0.0;0.0;0.0;0.0;0.0;0.0;-0.4;0.0;0.0;0.0;0.0;0.0;17.0;0.0;0;0;0;0;0;0;0;0;0;0;0;1500.0;1500.0;1500.0;1500.0;1500.0;1500.0;1500.0;1500.0;0.0;0.0;0.0;0.0;0.0;0.0;0.0;0.0;
2014_02_22_19_40_01;1393094401588;0.0;0.0;0.0;0.0;0.0;0.0;0.0;0.0;0.0;-0.4;0.0;0.0;0.0;0.0;0.0;17.0;0.0;0;0;0;0;0;0;0;0;0;0;0;1500.0;1500.0;1500.0;1500.0;1500.0;1500.0;1500.0;1500.0;0.0;0.0;0.0;0.0;0.0;0.0;0.0;0.0;
